__timestamp,Locked Amount,Accumulated Lock,Accumulated Free
2019-03-18,2214631.8815223174,3758153.7944351644,1543521.9129128468
2019-04-10,2214461.0472503034,3955064.548836989,1740603.5015866854
2019-03-19,2214043.8521220624,3764668.0889740824,1550624.23685202
2019-03-17,2212164.153976038,3754520.375455018,1542356.22147898
2019-03-20,2211088.0913083088,3767671.8460415234,1556583.7547332146
2019-04-07,2202064.367394671,3888576.277125601,1686511.9097309306
2019-04-11,2199929.9021276906,3960521.3254959895,1760591.4233682987
2019-04-08,2199845.143547943,3906475.4580654902,1706630.3145175476
2019-03-21,2198886.141247251,3772377.262836441,1573491.1215891899
2019-04-09,2195812.0383996363,3909522.3997442764,1713710.3613446401
2019-04-12,2192635.2894201344,3966822.9038850875,1774187.614464953
2019-04-14,2185099.630726015,3979701.1740769115,1794601.5433508963
2019-04-05,2184324.617192367,3858791.732892508,1674467.1157001413
2019-04-13,2183470.032909578,3967638.3522537975,1784168.3193442193
2019-03-15,2182724.722003405,3703319.39221345,1520594.6702100448
2019-04-06,2178976.8233910967,3862652.366200482,1683675.5428093856
2019-03-23,2178701.0579813737,3779254.817206312,1600553.7592249382
2019-03-22,2178581.8821203085,3774556.169706312,1595974.2875860033
2019-03-16,2177894.566774293,3713137.979398961,1535243.4126246686
2019-03-26,2176506.124356498,3785240.560296181,1608734.4359396829
2019-03-24,2176066.5902596824,3780138.0195122156,1604071.4292525335
2019-03-25,2175104.432339134,3782614.922532293,1607510.4901931589
2019-04-02,2175014.5171997105,3814972.5514611807,1639958.0342614702
2019-03-27,2174331.60897185,3786157.8325130804,1611826.2235412307
2019-03-14,2173077.6327390214,3691344.1425832915,1518266.5098442703
2019-04-01,2171342.404011159,3806107.096555512,1634764.692544353
2019-03-28,2171298.660447287,3790704.3932362064,1619405.7327889195
2019-03-31,2170906.7046704222,3804229.06051772,1633322.3558472977
2019-03-13,2170576.335454195,3685912.2395147714,1515335.9040605763
2019-03-30,2170221.2686420176,3802933.902384532,1632712.6337425145
2019-03-12,2170144.591600409,3683735.7131813667,1513591.1215809581
2019-04-15,2168208.0081212875,3986368.0427315105,1818160.0346102233
2019-04-04,2168093.310786492,3840643.4257996753,1672550.1150131829
2019-03-06,2167915.3980090064,3656632.003563724,1488716.6055547176
2019-03-07,2167617.5040082517,3661867.6393159404,1494250.1353076887
2019-03-11,2166846.0503812023,3676776.3742563603,1509930.3238751579
2019-03-08,2165830.825491625,3664362.9730427945,1498532.1475511699
2019-04-16,2164801.906170234,3997874.744087791,1833072.8379175572
2019-04-17,2164485.499878266,4004994.213468909,1840508.7135906431
2019-03-29,2164059.5688569983,3793966.551305994,1629906.9824489958
2019-03-10,2162702.4143338893,3670838.991478303,1508136.577144414
2019-04-03,2161418.0516668353,3831672.007858667,1670253.956191832
2019-03-09,2161042.1833433863,3667871.1253309385,1506828.9419875524
2019-03-05,2155181.6719550174,3639159.07569844,1483977.4037434226
2019-03-04,2154202.255763146,3633924.2328849756,1479721.9771218295
2019-04-18,2143539.706544214,4008340.8581938674,1864801.1516496532
2019-04-19,2137819.316535566,4011964.919031306,1874145.6024957404
2019-03-02,2132713.1393038547,3582354.248992428,1449641.1096885735
2019-03-03,2128125.89142631,3585125.64297793,1456999.75155162
2019-03-01,2126954.469222468,3575539.316632951,1448584.8474104833
2019-02-28,2109029.0893380917,3556656.2820913955,1447627.1927533038
2019-02-27,2104056.981713785,3549644.2572718523,1445587.2755580677
2019-02-26,2101202.210126758,3542402.718266003,1441200.5081392447
2019-04-20,2098909.753442434,4013960.3282594443,1915050.5748170102
2019-04-21,2097979.153145885,4015539.672956276,1917560.5198103914
2019-04-22,2097908.4763817033,4017898.4439118477,1919989.9675301441
2019-04-23,2096502.8509059786,4022340.7475125794,1925837.8966066008
2019-02-25,2094432.7861731965,3534642.695398338,1440209.9092251416
2019-04-24,2092289.8471125285,4031700.8020351427,1939410.9549226142
2019-02-23,2084458.4227436313,3497566.8538156063,1413108.431071975
2019-02-24,2083275.7528078193,3521010.1039380506,1437734.3511302313
2019-04-25,2078690.9163727676,4045438.3642592886,1966747.447886521
2019-02-22,2076416.6647589458,3484595.5246189386,1408178.8598599927
2019-02-19,2065814.6066943728,3446747.1600876907,1380932.5533933179
2019-02-21,2064198.5546586446,3467629.6984554282,1403431.1437967836
2019-04-26,2063480.243745359,4066763.260756368,2003283.017011009
2019-02-20,2062766.4262216215,3451830.994069379,1389064.5678477574
2019-02-17,2061095.6241820299,3433647.3971396848,1372551.772957655
2019-02-18,2060756.4439491834,3440482.2453379696,1379725.8013887862
2019-02-09,2058902.238626145,3397205.4760607155,1338303.2374345704
2019-02-16,2055223.3974562972,3425172.2231100886,1369948.8256537914
2019-02-10,2054188.590611652,3398563.2175755813,1344374.6269639293
2019-02-15,2051759.6960056543,3421372.8490648,1369613.1530591457
2019-02-07,2051337.7858046857,3368422.4226649413,1317084.6368602556
2019-02-14,2049999.3019153138,3418830.500286135,1368831.198370821
2019-02-13,2048705.2879636479,3414413.849668481,1365708.561704833
2019-02-06,2048023.7034073237,3363664.2213809025,1315640.5179735788
2019-04-27,2047015.6925255419,4068859.031253414,2021843.3387278724
2019-02-12,2043567.5782563912,3408711.1516344263,1365143.573378035
2019-04-28,2042445.7645022322,4069248.2449922324,2026802.4804900002
2019-04-29,2042152.9363399667,4080262.9036374725,2038109.9672975058
2019-02-11,2040061.1883572766,3402225.4805747047,1362164.292217428
2019-04-30,2037701.076281967,4084810.7106983243,2047109.6344163571
2019-02-08,2037151.0547935297,3372538.772510956,1335387.7177174264
2019-05-01,2035511.3272858392,4088376.267637946,2052864.940352107
2019-05-02,2029958.8138943268,4089211.645930369,2059252.8320360421
2019-02-05,2028304.359052962,3339947.9747674833,1311643.6157145214
2019-02-04,2025727.8445939983,3336598.0061413194,1310870.1615473211
2019-05-03,2018178.6073972236,4090982.510850508,2072803.9034532846
2019-05-04,2015312.9737146234,4093756.961528689,2078443.9878140658
2019-05-05,2014048.8284948957,4094688.823539156,2080639.9950442603
2019-02-03,2013933.2167514074,3324169.8530925117,1310236.6363411043
2019-02-02,2010462.6492558555,3318417.00395138,1307954.3546955246
2019-02-01,2002626.4263204269,3309903.368937069,1307276.9426166422
2019-01-31,2000453.4351587987,3305206.322836995,1304752.8876781964
2019-05-06,1999704.9962591403,4095764.5265938262,2096059.530334686
2019-01-30,1996018.9628023107,3299641.407927141,1303622.4451248304
2019-05-07,1995714.97094684,4098063.688596006,2102348.717649166
2019-05-08,1994516.7476332155,4104614.3050062847,2110097.557373069
2019-01-29,1989172.4118026374,3291817.192137927,1302644.7803352894
2019-05-09,1984604.3148407275,4105370.5046563633,2120766.189815636
2019-05-12,1976878.8081314415,4135578.3278693226,2158699.519737881
2019-01-28,1976030.7128451853,3273874.4971937044,1297843.784348519
2019-05-10,1969889.1505117398,4106600.7163569597,2136711.56584522
2019-05-13,1968392.610391845,4152333.042046512,2183940.431654667
2019-05-14,1967182.1709972476,4157126.07501888,2189943.9040216324
2019-01-27,1964013.320233148,3241861.395483859,1277848.0752507108
2019-01-26,1962369.9221314217,3238493.2513032835,1276123.3291718618
2019-01-25,1959668.7675123636,3234824.548110546,1275155.7805981825
2019-05-11,1959055.300420722,4111165.4976453087,2152110.1972245867
2019-01-24,1957714.2976566348,3221480.0566583294,1263765.7590016946
2019-01-21,1932893.0747346012,3180361.251440957,1247468.176706356
2019-05-15,1932491.7126023797,4168096.814671831,2235605.1020694515
2019-01-23,1932382.3812666023,3195677.777481954,1263295.3962153518
2019-01-22,1926485.2949241525,3189442.909094408,1262957.6141702556
2019-01-20,1925965.9113255893,3170780.7739613582,1244814.862635769
2019-01-19,1891585.2008363449,3134639.382917043,1243054.182080698
2019-01-18,1885917.9741271602,3128448.9155026427,1242530.9413754826
2019-01-16,1885269.7403895038,3115298.107537517,1230028.367148013
2019-11-15,1882186.6528748986,5986171.961200923,4103985.308326024
2019-11-16,1881834.9418967655,5987797.519596559,4105962.5776997935
2019-11-13,1881554.950448663,5959637.42223519,4078082.471786527
2019-01-17,1879986.4433189824,3122199.264507042,1242212.8211880594
2019-11-17,1879569.4494084613,5989620.399862455,4110050.950453994
2019-11-14,1878185.8519158033,5969253.211535657,4091067.3596198536
2019-01-15,1876705.6454809408,3105298.715477043,1228593.069996102
2019-11-12,1872917.2264631088,5949901.458937401,4076984.232474292
2019-01-14,1872894.6135232619,3095989.8235345134,1223095.2100112515
2019-01-01,1867539.4840309126,2905242.926959301,1037703.4429283881
2018-12-31,1867487.9954757586,2902891.954373031,1035403.9588972724
2019-01-02,1867278.4991147537,2912735.7023162604,1045457.2032015068
2018-12-30,1865642.9411692778,2896662.254532925,1031019.313363647
2019-01-03,1865472.1647010627,2917059.8789368537,1051587.714235791
2018-12-29,1864093.6268537175,2888635.4642046406,1024541.8373509231
2019-11-11,1860041.2783727478,5933199.051785716,4073157.773412968
2019-11-18,1854432.1075194627,6004761.146754744,4150329.0392352818
2019-01-04,1854293.5193462907,2929637.736067889,1075344.216721598
2019-11-09,1847955.1063431092,5916540.9823681,4068585.8760249913
2019-11-08,1846024.6999866366,5913790.478267665,4067765.7782810284
2019-11-10,1845636.415710351,5917855.057979692,4072218.642269341
2018-12-28,1840891.468858413,2862357.68670818,1021466.2178497667
2019-01-13,1835549.3031819067,3056657.2433320796,1221107.940150173
2018-12-27,1833171.294006463,2848912.2385329837,1015740.9445265208
2019-01-05,1830493.7656432586,2942090.242381471,1111596.4767382126
2018-12-26,1827227.8244197643,2839841.644610208,1012613.8201904438
2019-01-06,1824634.719488765,2945832.2060957444,1121197.4866069793
2019-11-06,1822405.3137510163,5869929.629643297,4047524.3158922805
2019-01-12,1822023.4454022713,3019845.6679610116,1197822.2225587403
2019-01-10,1819542.1058410206,3010216.1607060363,1190674.0548650157
2019-01-11,1817997.1621541907,3014264.807889061,1196267.6457348703
2019-01-07,1817158.7755786476,2949170.1235930054,1132011.3480143577
2019-11-07,1816510.5100390757,5875271.903738772,4058761.393699696
2018-12-25,1813238.3742675032,2823903.63987145,1010665.2656039471
2019-01-09,1812469.5083295295,2972244.2138215075,1159774.705491978
2019-05-16,1809823.8059932976,4186298.928895682,2376475.1229023845
2019-01-08,1806770.294301715,2955604.739496843,1148834.445195128
2019-05-17,1806523.7529393095,4194461.919013722,2387938.1660744124
2019-05-18,1806055.592910924,4197817.776267785,2391762.1833568607
2019-05-19,1804506.746177637,4204602.862224371,2400096.116046734
2018-12-24,1801483.199689279,2810705.755378942,1009222.5556896629
2019-11-05,1794037.585842506,5834837.825276603,4040800.239434097
2019-05-20,1790977.0959757143,4208323.569589353,2417346.473613639
2018-12-23,1789570.111020382,2787605.3610795396,998035.2500591576
2019-11-19,1786669.2462300006,6140870.493836513,4354201.247606512
2019-05-21,1772977.5086962613,4216965.2644312885,2443987.755735027
2019-05-24,1766131.5566855995,4234232.753833955,2468101.1971483557
2018-12-22,1761732.2685705684,2753568.2312335763,991835.9626630078
2019-05-25,1760869.0415555346,4235058.594335086,2474189.552779551
2019-05-22,1760547.2818545103,4220472.306745623,2459925.024891113
2019-11-04,1760373.2826772719,5798150.794415563,4037777.5117382915
2019-05-26,1760187.036469872,4239293.3274386,2479106.2909687283
2019-05-23,1759185.0390814217,4223350.925827586,2464165.8867461644
2019-11-20,1750500.4500583177,6321537.237142755,4571036.787084437
2019-11-22,1741153.3436518032,6618521.334261648,4877367.990609845
2019-11-21,1725829.582100003,6481212.393823202,4755382.811723199
2019-10-29,1720774.5392421824,5709175.643863323,3988401.1046211408
2019-11-25,1716761.4622902554,6756095.658745046,5039334.19645479
2019-05-27,1714015.4877834017,4242850.140593149,2528834.652809747
2019-10-30,1711684.6824430446,5713807.5986289475,4002122.916185903
2019-11-03,1709870.1177627333,5741805.036710683,4031934.91894795
2018-12-21,1708725.7945307589,2587352.7398991,878626.9453683409
2019-11-24,1708311.0260527423,6669067.054412414,4960756.028359672
2019-10-28,1706843.7708401848,5688677.202164534,3981833.431324349
2019-11-26,1706338.8257530667,6804507.181383954,5098168.355630888
2019-11-23,1705444.80518304,6652117.694799231,4946672.889616191
2019-11-27,1702229.5937949596,6840633.198938348,5138403.605143389
2019-11-02,1697001.8373971987,5724976.389585085,4027974.5521878866
2019-10-27,1695977.3236246365,5672949.063381219,3976971.739756583
2019-11-01,1695785.0508339372,5720969.821545254,4025184.770711317
2019-10-31,1695085.106796145,5719944.495300029,4024859.3885038844
2019-10-26,1693050.4485039795,5668191.216635444,3975140.7681314647
2019-11-28,1692128.6974398848,6946000.5314679975,5253871.834028113
2018-12-20,1685559.187785436,2562619.77974442,877060.5919589843
2018-12-19,1670055.8376261909,2545920.8747212873,875865.0370950963
2019-10-25,1668386.4441938638,5639246.1049350295,3970859.6607411657
2019-11-29,1664573.2421091208,6953780.878066685,5289207.635957564
2019-11-30,1654317.0295246188,7026503.331408876,5372186.301884257
2019-10-24,1652303.6904424224,5621150.241613207,3968846.551170785
2019-10-23,1650194.3680159291,5618072.526480596,3967878.1584646665
2019-06-09,1647812.8453714182,4322131.436485942,2674318.5911145243
2019-06-05,1647518.213523122,4312918.092233777,2665399.878710655
2019-06-07,1647411.1140263001,4316317.078250108,2668905.964223808
2019-06-06,1647387.2506159614,4314636.507268323,2667249.2566523612
2019-06-04,1646689.001626446,4310492.975312292,2663803.9736858457
2019-06-08,1646643.3750563092,4317075.753810363,2670432.3787540537
2019-06-12,1645942.3133834451,4329195.200677501,2683252.887294056
2019-06-10,1645580.6730919369,4325196.444895714,2679615.7718037767
2018-12-18,1645525.6973910597,2518017.4621391986,872491.764748139
2019-06-11,1644713.995506037,4326551.659272569,2681837.663766532
2019-05-28,1643582.368049906,4246550.318555003,2602967.950505097
2019-05-31,1643396.6146838781,4275316.7720418265,2631920.1573579484
2019-06-02,1641587.5830177292,4278429.085746736,2636841.502729007
2019-06-01,1641325.8551896438,4276841.562094998,2635515.706905354
2019-06-16,1641270.0144816912,4345976.89161806,2704706.877136369
2019-05-29,1640162.9225069555,4250273.128637485,2610110.2061305298
2019-06-14,1639526.0600467543,4335793.592858857,2696267.532812102
2019-06-13,1639233.4663558635,4333676.972013725,2694443.5056578615
2018-12-16,1638745.9745029826,2499224.2206819523,860478.2461789699
2018-12-17,1638701.7613725998,2503387.9962311834,864686.2348585835
2018-12-15,1637749.6617617896,2495936.648500448,858186.9867386584
2019-06-03,1636913.6917455564,4285848.550564716,2648934.858819159
2019-05-30,1636675.7024194263,4265296.702173182,2628620.9997537555
2018-12-14,1636423.1360045448,2493431.95962359,857008.8236190453
2019-06-17,1636197.7115557487,4351091.929776912,2714894.218221163
2019-06-15,1635073.0809662198,4338473.495134289,2703400.4141680696
2018-12-12,1634874.2909924062,2461112.4382971423,826238.1473047361
2018-12-13,1634733.280146019,2486103.000793648,851369.7206476289
2019-06-18,1633620.9525925694,4356866.964856116,2723246.0122635467
2019-06-19,1632873.019285569,4358459.0054107625,2725585.9861251935
2018-12-11,1630847.9085260006,2454258.193362099,823410.2848360987
2019-06-20,1626784.5680480078,4361407.291571306,2734622.7235232983
2019-06-21,1625796.6730142343,4365182.771512454,2739386.09849822
2018-12-10,1623511.4580328744,2446370.918103514,822859.4600706393
2019-06-22,1623280.6852088124,4372570.632447171,2749289.9472383587
2018-12-09,1617465.6451637675,2439950.3775087744,822484.7323450069
2019-12-01,1616642.3434224268,7107464.096061917,5490821.75263949
2019-06-23,1603520.3459231579,4377782.93192987,2774262.5860067117
2019-06-24,1596516.4612212647,4385218.600527461,2788702.139306196
2018-12-08,1593311.7398842138,2411283.728838967,817971.9889547534
2018-12-07,1580263.9247575884,2396190.3793635387,815926.4546059503
2019-07-18,1575183.8831554241,4810035.580657063,3234851.697501639
2019-07-17,1574641.8296131347,4806605.747471141,3231963.917858006
2019-10-10,1573068.9278351623,5473247.360046817,3900178.4322116547
2019-10-09,1567460.887759632,5467008.043465244,3899547.1557056117
2019-10-22,1564410.855567528,5518422.127694769,3954011.272127241
2019-10-21,1563445.7659698273,5516155.268410424,3952709.5024405965
2019-10-20,1563223.459246125,5513781.992459725,3950558.5332135996
2019-10-19,1562602.2341483198,5512198.544831789,3949596.3106834693
2019-10-18,1562583.9998131841,5507276.34228143,3944692.342468246
2019-10-11,1562345.609107702,5475749.507561949,3913403.898454247
2019-10-13,1562302.3677602941,5479039.279353837,3916736.9115935424
2019-10-12,1560838.033387288,5477284.759759413,3916446.726372125
2019-10-15,1559756.6596154673,5495343.842097681,3935587.1824822137
2019-10-17,1559252.7463189978,5498613.238462617,3939360.492143619
2019-10-14,1559196.4620451145,5485248.099223192,3926051.6371780774
2019-10-16,1559049.6399967615,5498062.840681724,3939013.200684963
2019-06-25,1558286.3470040327,4391168.674956421,2832882.3279523887
2019-07-19,1547238.2962652869,4812444.532552671,3265206.236287384
2019-07-21,1547237.2410173165,4824551.808387589,3277314.5673702722
2019-07-16,1545368.6691201623,4768434.681819556,3223066.012699394
2019-10-08,1542280.9481560197,5439170.240170421,3896889.2920144014
2019-07-20,1541999.284890208,4817457.173991803,3275457.889101595
2019-10-07,1540264.4860864687,5436068.791421716,3895804.3053352474
2019-10-02,1536538.2723262743,5414058.917125989,3877520.6447997144
2019-10-04,1536007.5233045518,5422092.766292973,3886085.2429884216
2019-10-01,1533298.9744097237,5410047.626370797,3876748.6519610733
2019-09-30,1531726.3499390185,5407019.338948438,3875292.9890094195
2018-12-05,1531265.0698603727,2190499.8985206145,659234.8286602419
2019-10-06,1531202.0023217727,5426055.654424914,3894853.6521031414
2019-10-05,1531026.3164195395,5423476.028850904,3892449.712431364
2019-09-27,1529959.3851436586,5399442.308370236,3869482.9232265777
2019-10-03,1529242.6025342974,5414983.472175752,3885740.8696414544
2019-09-29,1529012.667071029,5402582.85489451,3873570.1878234805
2019-09-28,1528449.89463423,5400319.269949412,3871869.375315182
2019-09-26,1525944.039734858,5391844.150297869,3865900.110563011
2019-07-03,1522749.4717386886,4503199.781558006,2980450.3098193174
2019-09-17,1521157.4565841164,5228434.715991468,3707277.2594073517
2018-12-04,1521129.420266591,2168759.245945749,647629.8256791577
2019-09-22,1520452.1596326185,5242228.113623492,3721775.953990874
2019-09-18,1520243.2495892653,5229859.31429059,3709616.0647013243
2019-09-21,1520234.4745087717,5241183.184471816,3720948.709963044
2019-09-20,1520221.3731595255,5240478.497631064,3720257.1244715382
2019-09-19,1519646.881547518,5235449.523916212,3715802.642368694
2019-07-05,1519214.011282947,4510620.502246424,2991406.4909634767
2019-07-02,1518822.6668330585,4497593.798905718,2978771.1320726597
2019-07-04,1518301.2003670158,4506239.171714014,2987937.9713469986
2019-09-23,1517049.143626134,5244897.22065914,3727848.0770330057
2019-09-16,1515067.6360080242,5213055.636574782,3697988.000566758
2019-06-26,1515005.675402925,4405719.59633093,2890713.9209280047
2019-07-11,1514525.4122292679,4542977.577803004,3028452.1655737357
2019-06-27,1514383.7450775309,4442660.145729656,2928276.4006521255
2019-07-08,1514206.9629833512,4518037.44331349,3003830.4803301385
2019-07-07,1514035.9186516139,4515018.606168856,3000982.687517242
2019-07-06,1513070.8103753314,4511315.446611153,2998244.6362358215
2019-07-01,1512309.8631218597,4478982.051373859,2966672.188251999
2019-07-09,1510880.0185123454,4520949.41537068,3010069.396858335
2019-09-15,1510711.4913600697,5203802.838223584,3693091.3468635143
2018-12-03,1509322.7900267201,2156151.850202951,646829.0601762309
2019-07-10,1508411.071893882,4530422.227049657,3022011.155155775
2019-09-24,1506851.141161155,5320639.075863278,3813787.9347021226
2019-07-12,1506452.8917322895,4546417.064928307,3039964.1731960177
2019-07-15,1504967.1637622197,4673415.601493431,3168448.4377312115
2019-07-14,1504956.6828823914,4610314.000493059,3105357.3176106676
2019-07-13,1503987.907331285,4549238.744747364,3045250.837416079
2019-06-28,1503488.2783972626,4450512.697437267,2947024.4190400043
2019-06-30,1503142.0520425867,4464462.835532101,2961320.783489514
2019-06-29,1501446.7052632347,4455855.593781502,2954408.8885182673
2018-12-02,1501144.3886957332,2126187.2965919375,625042.9078962045
2019-09-25,1498813.8475296204,5335147.379565632,3836333.5320360116
2018-12-06,1494841.9837768748,2260632.957637197,765790.9738603219
2018-12-01,1488197.9078159763,2109366.3562330417,621168.4484170654
2018-11-30,1486912.1200315203,2106200.727736774,619288.6077052536
2018-11-29,1484965.9345479233,2100640.8630841076,615674.9285361844
2018-11-28,1477203.0891176532,2092639.4439877626,615436.3548701095
2018-11-27,1472366.196394449,2085711.8373639355,613345.6409694864
2019-07-22,1463586.3881722298,4829046.200383228,3365459.8122109985
2019-09-14,1445775.3584281509,5138149.8710430255,3692374.5126148746
2019-09-12,1442568.9320243332,5131545.506687911,3688976.574663578
2019-09-13,1442308.6467162496,5134259.756268221,3691951.1095519713
2019-09-11,1441890.8977401191,5129768.787561215,3687877.8898210963
2019-09-10,1440733.15719807,5128416.610786707,3687683.453588637
2019-09-09,1439560.9451499959,5126696.996776358,3687136.0516263624
2019-09-08,1435303.6100389776,5122297.120195601,3686993.5101566236
2019-09-07,1432398.7579512168,5118581.757024778,3686182.9990735613
2019-09-04,1432165.9579315512,5108890.303429551,3676724.3454980003
2019-09-06,1432045.11522299,5115298.815623041,3683253.700400051
2019-09-03,1431192.5454474734,5107292.170250666,3676099.624803193
2019-09-05,1430994.7770526367,5111514.229823055,3680519.452770418
2019-08-29,1430105.9945309274,5091992.589746532,3661886.5952156046
2019-08-30,1428877.1353678913,5094861.345844172,3665984.2104762807
2019-08-31,1427838.7232129783,5095816.945411221,3667978.222198243
2019-09-02,1425696.4928075694,5100671.176270503,3674974.683462933
2019-09-01,1424170.884759246,5097621.2384013515,3673450.3536421056
2019-08-28,1423915.4895007038,5078181.137075359,3654265.6475746552
2018-11-26,1419389.3786631427,2026152.1027133178,606762.7240501753
2019-07-23,1408830.3428223468,4832677.73203317,3423847.389210823
2019-08-27,1407866.0651337043,5037157.482257876,3629291.4171241713
2019-07-24,1400273.644057576,4837115.7343692565,3436842.0903116805
2019-08-16,1400013.6328924852,5010962.208385485,3610948.575493
2019-08-19,1399697.117371235,5016110.859636382,3616413.742265147
2019-08-18,1399664.7168266163,5014443.62720947,3614778.9103828534
2019-08-20,1399338.7661283393,5017245.407693669,3617906.64156533
2019-08-17,1399252.7923349487,5011781.037682201,3612528.245347252
2019-08-21,1399029.8742606007,5020640.160998693,3621610.286738092
2019-08-22,1398663.2119427314,5021134.909483153,3622471.697540422
2019-08-15,1398414.025639988,5007013.114901202,3608599.089261214
2019-08-26,1397278.223965731,5025467.625447456,3628189.401481725
2019-08-24,1396370.2963661612,5022991.543263038,3626621.2468968765
2019-08-25,1396157.3261967646,5023828.881793446,3627671.5555966813
2019-08-23,1395837.631580031,5022020.505537796,3626182.873957765
2018-11-25,1391245.0601067569,1993397.8446400028,602152.784533246
2019-07-30,1387997.9679721114,4875786.926397856,3487788.958425745
2019-07-29,1387380.6366140717,4874724.362058244,3487343.725444172
2019-07-25,1383382.940024903,4838727.266162331,3455344.326137428
2019-07-31,1379221.3345850315,4876857.932106667,3497636.5975216357
2019-07-28,1378073.8528659106,4863142.591026012,3485068.738160101
2019-07-27,1375020.1749114008,4858018.859919449,3482998.6850080485
2019-07-26,1374670.198145886,4856554.43533707,3481884.2371911844
2019-08-01,1359773.1281205406,4877711.19262005,3517938.0644995095
2019-08-03,1358414.584547956,4880280.23147003,3521865.646922074
2019-08-04,1358357.3300080155,4880608.385650918,3522251.0556429024
2019-08-02,1358308.9212086992,4879109.303328487,3520800.382119788
2018-11-24,1357446.7039651242,1861312.2334923455,503865.52952722146
2019-08-14,1357321.614288772,4953699.434576581,3596377.8202878092
2019-08-05,1354707.614255847,4881684.66345187,3526977.049196023
2019-12-02,1350366.9862951515,7227324.444519426,5876957.458224274
2019-08-13,1348652.0650095702,4927164.079065664,3578512.0140560935
2018-11-22,1341949.1789431798,1825293.383510274,483344.20456709433
2018-11-23,1339806.7714527822,1837816.0338260843,498009.26237330213
2019-08-12,1338177.382861984,4915418.6386907045,3577241.2558287205
2019-08-11,1336775.0243586726,4913575.071499316,3576800.0471406435
2019-08-10,1334542.4877285087,4910960.35937406,3576417.8716455516
2019-08-09,1318746.1587453363,4893783.855051567,3575037.6963062305
2019-08-08,1314959.3462510211,4889207.279215256,3574247.9329642346
2019-08-07,1314605.362015854,4888074.289158574,3573468.92714272
2018-11-21,1314486.7635506839,1794452.9678949702,479966.20434428635
2019-08-06,1311219.7389089903,4882745.288934681,3571525.5500256903
2018-11-20,1283083.5071768714,1758166.2416922615,475082.73451539024
2018-11-19,1209388.027340204,1592172.2625786208,382784.23523841676
2019-12-03,1178655.8466866324,7317765.808916339,6139109.962229706
2019-12-04,1167110.8114418266,7351896.9568686,6184786.1454267735
2019-12-05,1147760.8308631647,7381727.298904251,6233966.468041087
2018-11-18,1131927.4390739514,1491141.1067070796,359213.6676331282
2018-11-17,1131756.8344313481,1487407.955991405,355651.1215600569
2018-11-16,1124385.5529920175,1479215.0595198765,354829.50652785914
2019-12-07,1091384.7832299136,7433324.628219535,6341939.844989621
2019-12-06,1083855.6462002844,7397083.328026584,6313227.6818263
2018-11-15,1083840.741503336,1438432.4104721355,354591.6689687996
2019-12-08,1060468.067932493,7443572.870657657,6383104.802725164
2019-12-09,1041232.0552900033,7453569.748474373,6412337.693184369
2018-11-14,1025744.656773907,1370237.9574331401,344493.3006592331
2019-12-10,1011805.0814253362,7483434.756076044,6471629.674650708
2018-11-13,1004720.8145258082,1345758.810048516,341037.99552270776
2018-11-12,993741.0149224612,1334729.090852942,340988.0759304809
2018-11-11,991645.9766761794,1332077.4086839273,340431.4320077478
2018-11-10,991546.7240570112,1331928.9726643835,340382.2486073723
2018-11-09,989126.1042454019,1329501.3652271652,340375.2609817633
2018-11-08,986600.3625034126,1326703.194287764,340102.8317843513
2018-11-07,973922.3947026832,1313895.6216424054,339973.22693972214
2018-11-06,973647.4545154008,1311643.7187032697,337996.2641878689
2019-12-11,957027.8461504215,7483704.025341815,6526676.179191394
2018-11-05,947045.6487308873,1283927.878365983,336882.22963509563
2018-11-04,945188.9668931682,1281070.6908307539,335881.72393758566
2018-11-03,944004.8009916358,1278466.7978437045,334461.9968520687
2018-11-02,943203.8435813091,1277622.184726245,334418.3411449359
2018-11-01,941707.9152606649,1276105.2938048532,334397.3785441884
2018-10-31,940307.9604408329,1274577.9198125568,334269.95937172393
2018-10-30,938574.8615350595,1272800.0626889844,334225.20115392486
2018-10-29,937045.1040836462,1271200.286077666,334155.1819940199
2019-12-12,931971.838870924,7490604.161954679,6558632.323083755
2018-10-28,930491.8889485659,1264018.1055942,333526.21664563415
2018-10-27,927314.5659460477,1260615.5657156904,333300.9997696428
2019-12-13,925489.9490466518,7497309.356140667,6571819.407094015
2018-10-26,925237.7616237467,1258477.9813794072,333240.21975566057
2018-10-25,922695.5889862531,1255604.1568010303,332908.5678147771
2018-10-24,919833.0138343971,1252621.2007275925,332788.1868931953
2018-10-23,913637.9953598736,1246408.2725909704,332770.2772310967
2019-12-14,901527.2207615767,7521725.214816042,6620197.994054466
2019-12-15,901279.1611884944,7531212.552123225,6629933.390934731
2019-12-17,899026.6794763291,7678541.855154679,6779515.17567835
2019-12-16,893833.8924656687,7549490.663314367,6655656.770848698
2019-12-18,889229.5660365596,7704921.754600395,6815692.188563836
2019-12-19,886759.9450899307,7744828.317145342,6858068.372055411
2018-10-22,881078.4921244916,1213587.9288264413,332509.43670194974
2019-12-20,880423.4219920756,7752339.427846646,6871916.00585457
2018-10-21,878834.2911393325,1211288.4284296809,332454.1372903484
2018-10-20,878813.6404672837,1211231.2694495493,332417.6289822656
2018-10-19,878421.7967268815,1210436.5446486617,332014.7479217802
2018-10-18,877257.4513672485,1209184.1038576656,331926.65249041695
2018-10-17,874874.5261425306,1206223.9936436194,331349.4675010888
2018-10-16,872840.7102509369,1203247.098270219,330406.3880192821
2018-10-15,872023.7300243607,1201725.6313900403,329701.9013656796
2019-12-21,867642.4539899332,7755714.447490118,6888071.993500185
2019-12-22,861264.8877454745,7755787.773339588,6894522.885594114
2018-10-14,859923.3727849605,1188764.168629193,328840.7958442324
2018-10-13,858600.193111713,1186980.9212297993,328380.72811808623
2018-10-12,858221.9480808177,1185471.8634094899,327249.9153286721
2019-12-23,853072.1308665909,7766224.889615496,6913152.758748905
2018-10-11,847610.8159375412,1174019.6803757783,326408.8644382371
2019-12-24,840899.3994895928,7777006.267516148,6936106.8680265555
2019-12-25,836453.0903890328,7778778.784946275,6942325.694557242
2019-12-26,829406.0875559226,7794864.700459424,6965458.612903502
2018-10-10,827116.0920325721,1151789.9646401808,324673.8726076087
2018-10-09,826069.9125790044,1148689.6567758254,322619.744196821
2018-10-08,824639.2308137042,1146594.854356438,321955.6235427337
2019-12-27,822639.1861416092,7804938.858237783,6982299.672096174
2018-10-07,821617.7845897151,1143526.801009208,321909.01641949284
2019-12-31,820868.3361739181,7853127.189053261,7032258.852879343
2019-12-28,816023.1605451526,7828621.350756823,7012598.1902116705
2018-10-06,815418.7419816188,1137317.6896698482,321898.94768822944
2018-10-05,815141.2687456965,1136543.7796087677,321402.5108630712
2019-12-29,814654.7013939358,7832055.358428443,7017400.657034507
2019-12-30,814453.4934126046,7838934.420624481,7024480.927211876
2018-10-04,810258.8816942632,1131098.0768406552,320839.195146392
2018-10-03,806250.2625204164,1126310.263589138,320060.00106872147
2018-10-02,803224.1089359489,1121963.522831689,318739.41389574023
2018-09-29,802353.7771047327,1118850.497893174,316496.72078844125
2018-09-28,802121.6310165498,1118595.9634761869,316474.3324596371
2018-10-01,801895.9162504228,1120053.7586826056,318157.8424321828
2018-09-27,801781.3983311683,1118164.8580513827,316383.4597202144
2018-09-30,801546.4089199917,1119305.2772972612,317758.8683772695
2018-09-26,801423.1557671345,1117378.6427245734,315955.4869574389
2018-09-25,799371.9791214608,1115150.6144640127,315778.6353425518
2020-01-01,780032.7453246107,7869568.529053225,7089535.783728614
2018-09-24,779425.2888815729,1094919.921362444,315494.63248087117
2020-01-02,778676.7490232708,7876234.8123703785,7097558.063347108
2020-01-03,777715.8506785873,7900972.283406685,7123256.432728098
2020-01-04,777619.5622085016,7908250.09384823,7130630.531639729
2018-09-23,776315.7346513905,1089702.872292395,313387.1376410046
2018-09-22,774831.8373795298,1088133.1415930206,313301.3042134908
2020-01-05,774207.8501312556,7912088.744570937,7137880.894439681
2018-09-21,772157.3493016245,1084865.0172217083,312707.66792008386
2018-09-20,771992.9635812701,1078766.2546047643,306773.2910234942
2018-09-19,771399.9585006989,1078102.1481794103,306702.18967871135
2018-09-18,770574.24066431,1076881.4771883793,306307.2365240692
2018-09-17,769393.4773681564,1075500.4922200642,306107.0148519077
2018-09-16,749994.9697057209,1040649.362223083,290654.3925173622
2018-09-15,747804.5209527377,1038396.931760223,290592.4108074853
2018-09-14,744015.4876064027,1034529.887080596,290514.3994741933
2018-09-13,738535.2324378078,1024736.857746883,286201.6253090751
2018-09-12,735868.5605510972,1019660.3818948683,283791.8213437712
2020-01-06,728593.7863952527,7939393.653762952,7210799.8673677
2020-01-07,710995.5721607385,7946431.743768925,7235436.171608186
2018-09-11,708561.4283166555,978578.7077019948,270017.27938533935
2020-01-08,678649.1560340598,7969807.737766204,7291158.581732145
2020-01-09,671349.6913415277,7976473.334933969,7305123.643592441
2020-01-10,670646.7213127557,7976648.953206202,7306002.231893446
2020-01-11,669581.0342095224,7980463.465026,7310882.430816477
2020-01-12,668829.0734640863,7980470.544905002,7311641.471440916
2020-01-13,667953.1661283737,7980515.899635597,7312562.733507223
2018-09-10,666719.8249917645,935000.2225749411,268280.39758317656
2020-01-14,662019.5093343128,7988025.853913066,7326006.344578753
2020-01-15,660875.989198328,7994812.633752921,7333936.644554593
2020-01-16,654076.6298019802,8001816.900063359,7347740.270261379
2020-01-17,653020.1263689529,8002522.943487234,7349502.8171182815
2018-09-09,631081.9898332183,898654.613937563,267572.62410434475
2018-09-08,591990.4378962766,855229.2558993252,263238.81800304865
2020-01-18,567143.4775751475,8005989.43670894,7438845.959133793
2020-01-19,565099.4886121731,8012836.515910382,7447737.027298209
2020-01-20,547357.059692787,8016374.385053911,7469017.325361124
2020-01-21,546494.3235683823,8016410.542648258,7469916.219079875
2018-09-07,538595.048041323,792059.158105435,253464.11006411203
2020-01-22,535151.3169270549,8016662.023716611,7481510.706789556
2020-01-23,522160.006343808,8016699.079160657,7494539.072816849
2020-01-24,521562.35526044015,8016825.288215156,7495262.932954716
2020-01-25,519927.32378182374,8016910.891217841,7496983.567436017
2020-01-26,519275.29056922253,8017064.106927455,7497788.816358233
2018-09-05,510480.0338438719,725258.3258737008,214778.29202982885
2018-09-04,504141.25714411377,706543.6451832338,202402.38803911998
2018-09-03,501604.17118955695,703844.7694492863,202240.59825972936
2018-09-02,501340.79390545434,703236.1121375868,201895.31823213244
2018-09-01,500657.8656724411,702442.0177088839,201784.15203644277
2018-08-30,500026.9993753481,701114.1872461659,201087.18787081784
2018-08-29,499835.3521172019,700412.5656531246,200577.21353592272
2018-08-31,499789.56607579,701363.259320746,201573.69324495597
2018-08-28,499605.82034954685,699970.0796716823,200364.25932213548
2018-08-27,498945.98717106634,698871.4332862665,199925.44611520017
2020-01-27,498456.1288979808,8017572.90678044,7519116.77788246
2020-01-28,498039.2937391512,8018032.155906997,7519992.8621678455
2020-01-29,497057.2827309985,8018290.307926314,7521233.0251953155
2018-08-26,496940.2125014544,696772.329006728,199832.11650527362
2018-08-25,496572.09506614634,696326.046497569,199753.9514314226
2018-08-24,496524.6907979421,696043.5776795882,199518.8868816461
2018-09-06,492790.34658671403,744586.9906777262,251796.6440910122
2018-08-23,491790.26649048924,691296.8512760703,199506.58478558113
2020-01-31,487632.61631306447,8028986.716599447,7541354.100286382
2020-01-30,487325.16651663743,8025217.80175575,7537892.635239112
2018-08-22,487109.4528010634,686465.1209263024,199355.668125239
2020-02-01,486811.5739920614,8029148.982369371,7542337.408377309
2020-02-02,486604.2894025203,8039481.741366922,7552877.451964402
2018-08-21,482109.3756030455,680572.0590813328,198462.68347828725
2018-08-20,478308.8029731903,673529.9864974878,195221.18352429743
2018-08-19,476290.2842524956,669889.7765987332,193599.4923462375
2018-08-18,474807.56949986954,668269.8314170607,193462.26191719115
2020-02-03,474491.64337720536,8049544.40721284,7575052.763835635
2020-02-04,474421.1146918386,8052967.016834114,7578545.902142275
2018-08-16,474055.86282725784,664685.4654558051,190629.60262854723
2018-08-15,473874.42115553573,663875.2649960564,190000.8438405207
2018-08-17,473873.2988903457,666303.7783933602,192430.47950301453
2018-08-14,470228.3012605546,655719.8927896082,185491.59152905366
2020-02-05,467298.1024676133,8053237.15230514,7585939.049837527
2018-08-13,465059.417135063,622975.0640229868,157915.64688792385
2020-02-06,461368.78820389137,8060372.696117408,7599003.907913516
2020-02-07,454781.42031198926,8064186.436189785,7609405.015877795
2020-02-08,452551.8872949835,8064326.886073173,7611774.9987781895
2020-02-09,449257.1594533473,8067978.365543717,7618721.206090369
2020-02-10,442747.0684955539,8078182.125749993,7635435.057254439
2020-02-11,442547.32742804196,8078324.589210297,7635777.261782255
2020-02-12,437817.91619967483,8088690.985733112,7650873.0695334375
2020-02-13,436394.39331059624,8092267.683244082,7655873.289933486
2018-08-12,436120.8083473032,584000.7808472941,147879.97249999092
2020-02-14,435184.1381292818,8092888.377325813,7657704.2391965315
2018-08-11,431869.63749667583,579507.7448659922,147638.10736931636
2020-02-15,429376.84965096414,8093162.229401267,7663785.379750303
2020-02-16,427082.08888905775,8096807.419057864,7669725.330168806
2020-02-17,427068.4102724893,8096907.507568885,7669839.097296395
2020-02-18,426518.83938989695,8103743.210417817,7677224.37102792
2020-02-19,419774.2529752068,8107112.993096693,7687338.740121487
2020-02-20,419354.0608917773,8107495.7501935465,7688141.689301769
2020-02-22,419106.12774547935,8111034.292819295,7691928.165073816
2020-02-21,419070.1891766852,8107677.624038704,7688607.434862019
2020-03-09,418940.1029582955,8153056.304647887,7734116.201689592
2020-03-03,418185.83900482487,8122107.699430554,7703921.860425729
2020-03-02,418167.1972199511,8121997.05135693,7703829.854136979
2020-03-01,418055.59156462457,8121672.19899025,7703616.607425625
2020-02-26,417971.74266992975,8113005.065535402,7695033.322865472
2020-02-27,417778.1807588162,8116914.51526093,7699136.334502114
2020-02-28,417579.95201463066,8116972.1084240815,7699392.156409451
2020-02-25,417433.3154417826,8111835.96196508,7694402.646523298
2020-02-23,417269.15669153817,8111496.616802172,7694227.460110634
2020-02-24,417226.0671743676,8111552.804903638,7694326.73772927
2020-02-29,416994.8850001432,8117003.435688845,7700008.550688702
2020-03-10,416901.68296248,8153454.990570905,7736553.307608425
2020-03-08,415253.26065589674,8133243.146231852,7717989.885575955
2020-03-04,414954.64445815794,8122226.922042257,7707272.277584099
2020-03-07,414919.0656367941,8126161.160373368,7711242.094736574
2020-03-06,414817.0423143096,8122699.837362243,7707882.795047933
2020-03-05,414809.41244943254,8122385.567600119,7707576.155150686
2018-08-10,408406.6888088405,550801.5450413225,142394.85623248195
2020-03-11,406076.1663545752,8160718.811350784,7754642.644996209
2020-03-12,403410.6111702174,8176927.903908238,7773517.29273802
2018-08-09,401225.3358085129,533035.943583523,131810.60777501014
2018-08-08,391526.1212518858,523287.72070849466,131761.59945660888
2020-03-13,385714.08589425776,8188558.179611539,7802844.093717281
2020-03-14,372925.24046932627,8189012.50671854,7816087.266249213
2020-03-15,367478.0715926932,8193626.845271199,7826148.773678506
2020-03-16,365039.12782002613,8197356.238923193,7832317.111103167
2018-08-06,357552.3337154995,477798.56982973765,120246.23611423819
2018-08-07,357073.3328872338,480444.543808651,123371.2109214172
2018-08-05,356274.26622056914,475926.0499770339,119651.78375646479
2018-08-04,355612.1641236639,475238.44937544107,119626.28525177717
2018-08-03,354895.7661733206,474320.90244289645,119425.13626957583
2018-08-02,352577.4148553715,471804.6310420538,119227.21618668229
2020-03-17,352530.9303631941,8199913.115113762,7847382.184750568
2018-08-01,351536.4782630458,470688.72227557405,119152.24401252826
2018-07-31,349974.4278776527,468018.07355428673,118043.64567663406
2018-07-28,347816.1587530808,464578.79773673095,116762.63898365012
2018-07-30,347761.1461201278,465741.63615082524,117980.49003069745
2018-07-27,347582.1360214466,464265.7941244921,116683.65810304547
2018-07-29,347063.722133943,464852.4624895959,117788.7403556529
2018-07-26,346663.7123559904,463328.82585352275,116665.11349753232
2018-07-25,346469.90690796153,463069.1502313919,116599.24332343038
2018-07-24,346212.76745522546,462784.556542171,116571.78908694556
2018-07-23,345963.56136832846,462344.9334281131,116381.37205978464
2018-07-22,345411.1772188317,461733.92585071316,116322.74863188145
2020-03-18,345369.05547514,8200123.873732707,7854754.8182575675
2018-07-21,345142.8854375935,461424.7344453612,116281.84900776767
2018-07-20,344829.82642891654,461033.74490668386,116203.91847776729
2018-07-19,343341.7835972799,459192.76408712426,115850.98048984437
2018-07-18,341489.7890434743,457303.47233671945,115813.68329324514
2018-07-17,340157.76260239485,455582.2339907423,115424.47138834746
2020-03-19,339792.71225611214,8200324.498042462,7860531.78578635
2018-07-16,339621.03276077687,454971.47166865313,115350.43890787625
2018-07-15,338617.28411441424,453700.9706420346,115083.68652762036
2018-07-14,338163.15240385564,453197.1871440737,115034.03474021808
2018-07-13,336387.4992972774,451416.16353804176,115028.66424076437
2018-07-12,335833.02661047265,450830.01195965783,114996.98534918518
2018-07-11,335326.8375939665,449992.75646387995,114665.91886991342
2018-07-10,333416.8540191758,447825.1137197667,114408.25970059092
2020-03-21,332810.30000653863,8207713.304869697,7874903.004863159
2020-03-22,332717.14019937906,8211077.937941441,7878360.797742062
2020-03-20,332698.025792853,8204160.023046348,7871461.997253495
2018-07-09,330763.3875070202,444863.0581013987,114099.67059437849
2020-03-23,330735.0444095563,8211174.8061218485,7880439.761712292
2018-07-08,330283.35710494634,444351.64547067485,114068.28836572851
2020-03-24,328847.12793295644,8211285.411170038,7882438.283237082
2020-03-25,328827.5322410809,8211359.805064135,7882532.272823054
2018-07-07,328423.500434492,442260.63949197053,113837.13905747849
2018-07-05,328354.2076282103,441118.7902860333,112764.58265782302
2018-07-04,327478.4787297694,440232.3209382854,112753.84220851595
2018-07-06,327475.1242361401,441310.0955002482,113834.9712641081
2018-07-03,327225.6015059214,439968.8663175179,112743.2648115965
2018-07-02,325833.8251465895,438402.37547222234,112568.55032563285
2018-07-01,324022.11840454384,436535.0763708213,112512.95796627746
2018-06-30,323854.99643448676,436124.8914573544,112269.89502286764
2018-06-29,322599.6343346059,434807.48101463163,112207.84668002577
2020-03-26,316665.903948877,8211383.601472263,7894717.697523386
2020-03-28,316381.39345490467,8211475.767000311,7895094.373545406
2020-03-27,316345.67086854577,8211420.996987586,7895075.32611904
2020-03-30,316289.5117314402,8211569.063427221,7895279.551695781
2020-03-29,316289.2917234665,8211539.777427221,7895250.485703754
2020-03-31,316069.67745961435,8214890.704190635,7898821.026731021
2020-04-01,314594.27879055124,8214916.963997839,7900322.685207288
2020-04-02,314256.56382281706,8215035.382873903,7900778.819051086
2020-04-04,314064.0741345519,8215165.471442996,7901101.397308444
2020-04-03,314048.9626519969,8215135.877420479,7901086.914768483
2020-04-05,313497.3269922817,8215169.918367121,7901672.59137484
2020-04-06,313297.951927118,8215334.393191549,7902036.441264431
2020-04-07,309290.27055264544,8215438.143804728,7906147.873252083
2020-04-08,309059.47408370674,8215480.682171511,7906421.208087805
2020-04-09,307992.82798787206,8215556.364189913,7907563.5362020405
2020-04-11,306818.0713268295,8215922.215046354,7909104.143719524
2020-04-12,306721.5226346152,8219232.920046322,7912511.397411707
2020-04-10,306640.0575251514,8215702.911990861,7909062.85446571
2020-04-13,305427.3299047714,8219250.542967085,7913823.213062313
2020-04-14,304385.62478832435,8222568.198832135,7918182.57404381
2020-04-15,303203.27130016405,8222584.500323158,7919381.229022994
2020-04-16,302674.6758031454,8222709.81420098,7920035.138397834
2020-04-17,302053.1054099342,8222716.864719045,7920663.759309111
2020-04-18,300353.68837510515,8222761.498878416,7922407.8105033105
2020-04-19,298095.56944754254,8222915.414420396,7924819.844972854
2020-04-20,297801.51696726866,8222943.424114086,7925141.907146817
2020-04-21,287950.64001538046,8222975.237516035,7935024.597500655
2020-04-22,284577.15324824676,8223038.262516036,7938461.109267789
2020-04-23,280125.3680414492,8223041.852516036,7942916.484474586
2020-04-24,279060.798981471,8223195.248516035,7944134.449534564
2020-04-25,278221.0797751993,8223225.502516035,7945004.422740836
2018-06-28,263394.7335814404,374701.79072911036,111307.05714766997
2018-06-27,252639.6034504437,363277.501219816,110637.89776937228
2018-06-26,249264.4300511665,359568.5741225288,110304.14407136229
2018-06-25,248049.0724429752,357663.5868850214,109614.51444204623
2018-06-24,247727.77080633095,357177.51022081316,109449.7394144822
2018-06-22,231214.86239876164,338971.75917462975,107756.89677586811
2018-06-23,230882.17431160278,339570.6659227431,108688.49161114033
2020-04-26,230010.86185840983,8223253.067516035,7993242.205657626
2020-04-27,229956.77779306192,8223253.569516036,7993296.791722974
2018-06-21,229721.40306095785,337240.7234146609,107519.32035370305
2020-04-28,229175.10060138535,8223253.748516035,7994078.64791465
2018-06-20,228987.44050170423,336298.7485080806,107311.30800637638
2020-04-29,228978.34045076743,8223269.948516035,7994291.608065268
2018-06-19,227371.7144544666,334649.03880720143,107277.32435273484
2020-04-30,226942.68972005788,8223305.873516035,7996363.183795977
2020-05-01,226764.1341945529,8223343.594916664,7996579.460722111
2018-06-18,226727.63364905497,333697.9806957876,106970.34704673263
2018-06-16,226445.1629491587,332918.2830617766,106473.12011261792
2018-06-17,226303.73063683734,333061.35298488924,106757.6223480519
2018-06-15,226289.45022098813,332247.31735060236,105957.86712961423
2018-06-14,225725.1765009954,331681.825125669,105956.64862467359
2018-06-13,224867.65260033077,330684.3144106832,105816.6618103524
2020-05-02,222663.88954648655,8223371.834916664,8000707.945370178
2020-05-03,222182.88938154932,8223381.014916664,8001198.125535115
2020-05-04,221491.40630644467,8223390.139916664,8001898.733610219
2018-06-12,221440.86819762734,324646.7577278803,103205.88953025299
2020-05-05,220772.4932952812,8223421.895742256,8002649.402446975
2020-05-06,219668.77035573125,8223434.2557422565,8003765.485386525
2020-05-07,218440.9040089827,8223443.395742256,8005002.4917332735
2018-06-11,217612.16240960266,320376.6433144712,102764.48090486851
2020-05-08,216796.37039759662,8223451.910094833,8006655.539697236
2018-06-10,216272.75274519948,318689.185131127,102416.43238592755
2018-06-08,216037.7898333748,317069.2048694462,101031.41503607144
2018-06-09,215921.62326238738,317226.16694331536,101304.54368092798
2018-06-07,215631.71525103145,316499.28298585565,100867.56773482422
2018-06-06,215147.3384263556,315792.8428478462,100645.50442149062
2018-06-05,213971.45360446314,314188.91791604104,100217.46431157789
2018-06-04,213607.34385828377,313511.2312921589,99903.88743387513
2020-05-09,213554.3444559155,8223452.479551858,8009898.135095943
2018-06-03,213094.404111973,312910.80319333595,99816.39908136294
2018-06-02,212862.89383913716,312380.1399420371,99517.24610289995
2018-05-31,211966.6839801174,311201.48805257736,99234.80407245996
2018-06-01,211956.9642765321,311352.00845715345,99395.04418062136
2020-05-10,211318.58767755516,8223481.419551859,8012162.8318743035
2018-05-30,209879.17046008183,309029.7470659576,99150.57660587574
2018-05-29,209477.41743431057,308584.08035648725,99106.66292217668
2018-05-28,198338.97868980042,297315.35430555895,98976.37561575853
2018-05-27,191979.36253955693,290394.0923804653,98414.72984090836
2018-05-22,190072.95755592073,275372.7649954064,85299.80743948565
2018-05-26,188805.8965647132,286948.4879108343,98142.59134612112
2018-05-21,187843.79373857967,273100.01011023746,85256.21637165779
2018-05-25,187734.92975433302,285713.56051474495,97978.63076041194
2018-05-19,187381.78160685935,272464.60089087643,85082.81928401708
2018-05-20,187347.45658198337,272585.3896601531,85237.93307816972
2018-05-18,186659.54803681688,271593.1253457236,84933.57730890671
2018-05-24,186489.11909212233,284103.8256164199,97614.70652429757
2018-05-17,186205.50858351644,270974.14361828245,84768.63503476602
2018-05-16,185309.0160729509,269771.8073806042,84462.7913076533
2018-05-23,185080.1724437012,281665.5773261509,96585.40488244971
2018-05-15,184995.9831960182,269306.463131901,84310.4799358828
2018-05-14,184494.25026057614,268768.9746231771,84274.72436260094
2018-05-13,184267.26021220046,267872.36790080054,83605.1076886001
2018-05-12,183566.7372486157,267086.83886673104,83520.10161811534
2018-05-11,181831.33950014878,264981.8661233693,83150.52662322055
2018-05-10,180280.45521568856,263158.85870656726,82878.40349087869
2018-05-09,178843.14191205916,261684.62808965243,82841.48617759328
2018-05-08,177832.94264439837,260525.52323647405,82692.58059207568
2018-04-29,177097.67593787058,248992.80369800306,71895.12776013248
2018-04-28,176831.5609959418,248646.04047958954,71814.47948364774
2018-04-27,175881.59065860024,247475.18973201362,71593.59907341338
2018-04-30,174721.41078069387,250432.21056074425,75710.79978005037
2018-05-07,174653.49617070495,257345.79089205177,82692.29472134683
2018-05-02,174110.25573435595,252486.99957231464,78376.7438379587
2018-05-01,173995.93214801853,251292.6398073458,77296.70765932728
2018-05-06,173264.08402174077,255593.43635488523,82329.35233314446
2018-05-04,173030.516686281,254397.83718096535,81367.32049468436
2018-05-03,172709.00199061667,253726.51732344687,81017.5153328302
2018-05-05,172653.9049887759,254928.29733959123,82274.39235081531
2018-04-26,166919.15416890656,237051.95356174558,70132.79939283902
2018-04-25,165552.48892821447,235532.56137701412,69980.07244879965
2018-04-21,163715.24618100017,229180.01631617267,65464.77013517249
2018-04-22,163386.3473453712,229566.61581528498,66180.26846991379
2018-04-20,163061.86579930663,228431.89704186184,65370.031242555204
2018-04-19,162417.5640136488,227243.34027480552,64825.776261156716
2018-04-23,161877.42752346312,230381.9936021771,68504.56607871398
2018-04-18,161865.88097000573,226357.6536320392,64491.772662033465
2018-04-24,161519.21770194045,231255.4978190271,69736.28011708666
2020-05-11,159894.41771424934,8223481.686913297,8063587.269199047
2018-04-17,158740.52511312507,222942.18757875197,64201.662465626905
2018-04-16,157852.17909147587,222041.786769656,64189.60767818012
2018-04-15,156455.204719224,220639.40965952814,64184.20494030414
2018-04-14,156135.97594916518,219605.98580566948,63470.00985650429
2018-04-13,155879.35206749509,219272.32657840487,63392.97451090979
2018-04-12,153433.8073648087,216453.31012240736,63019.50275759869
2018-04-11,146296.2392932485,208842.59531046983,62546.356017221304
2018-04-10,143653.1655526539,205609.52049360963,61956.354940955745
2018-04-09,141790.5285931739,203418.48093300164,61627.95233982776
2018-04-08,139699.96328265063,201007.15404163758,61307.19075898696
2018-04-06,138708.93513640465,199258.7713818024,60549.836245397746
2018-04-07,138496.759442119,199496.47352222906,60999.71408011006
2018-04-05,137824.89064073435,198237.74857068332,60412.857929948965
2018-04-04,136497.02602541097,196788.48536875076,60291.45934333978
2018-04-03,134783.95031472575,195006.81760543818,60222.86729071241
2018-04-02,134470.46992522862,194030.55495052962,59560.085025301014
2018-04-01,130417.5685990905,189872.3149593018,59454.74636021128
2018-03-30,129136.84000482039,184940.97356797292,55804.13356315253
2018-03-31,126917.02626710477,186296.4865378451,59379.46027074034
2018-03-29,115677.1396628331,169666.7206743508,53989.5810115177
2020-05-12,108513.47773507144,8223489.236913296,8114975.759178225
2018-03-28,106253.51711621766,159429.1954410981,53175.67832488044
2018-03-27,104201.42066281634,156674.90299008143,52473.4823272651
2018-03-26,101110.62359720493,153184.38587350814,52073.76227630321
2018-03-25,99248.44781760476,151308.3501527287,52059.90233512395
2018-03-24,99070.69258745169,151004.13246671986,51933.439879268175
2018-03-23,98965.93600773471,150831.4645562275,51865.528548492795
2018-03-22,98617.62996836347,150425.16059763214,51807.53062926867
2018-03-21,97907.78308234873,149476.66258297302,51568.87950062429
2018-03-20,97180.54880536585,148638.30241104582,51457.75360567997
2018-03-19,96389.49323359775,147497.67997530938,51108.18674171162
2018-03-17,95637.0772571112,128247.76245341562,32610.68519630441
2018-03-16,94316.52845775329,126898.95592390143,32582.42746614815
2018-03-18,92386.86684174438,142765.4029051826,50378.53606343821
2018-03-15,92100.18319699861,124586.66875104525,32486.485554046645
2018-03-14,87996.90496756334,120349.84812524173,32352.94315767838
2018-03-12,83712.99693194844,115314.82044033984,31601.8235083914
2018-03-13,83664.23991296379,115502.49225056726,31838.252337603462
2018-03-11,83179.84726511028,114679.12827553712,31499.28101042684
2018-03-07,82761.27198519732,107953.11632753702,25191.844342339704
2018-03-10,82093.19352589513,113583.77637632917,31490.58285043405
2018-03-09,81750.58471219493,113240.31237985498,31489.72766766005
2018-03-08,81557.83026003037,109447.35488693953,27889.524626909166
2018-03-06,80546.35844555598,105037.30765209373,24490.949206537753
2018-03-04,80509.8224638751,103299.253895056,22789.431431180903
2018-03-05,80459.20883663402,103749.7521369169,23290.54330028288
2018-03-03,80209.85376562763,102987.99326437696,22778.13949874932
2018-03-02,80141.00736128127,102887.81301240205,22746.805651120783
2018-02-28,79696.83481866117,101658.34601984026,21961.511201179095
2018-03-01,79225.3223589219,101719.94280297494,22494.620444053035
2018-02-27,78591.16995846799,100542.17475541422,21951.00479694623
2018-02-26,78149.52959543867,100057.64924661577,21908.119651177098
2018-02-25,74869.88696885123,96602.47299702188,21732.58602817064
2018-02-24,73096.95133221678,94774.54490083156,21677.593568614782
2018-02-23,72910.34047950458,94585.63077961074,21675.29030010617
2018-02-16,72053.28052108035,90962.2364360213,18908.955914940943
2018-02-15,71926.3775545659,90732.8040926469,18806.426538080996
2018-02-21,71813.88764304573,92944.20757743946,21130.31993439373
2018-02-22,71745.8994433916,93402.31544576015,21656.416002368547
2018-02-18,71576.57867160736,91737.10253642233,20160.523864814975
2018-02-20,71501.1209335854,92127.891762214,20626.770828628614
2018-02-19,71396.3603435442,91952.21177498515,20555.851431440937
2018-02-17,71373.61406901531,91188.82695012938,19815.21288111407
2018-02-14,65596.9345301362,84291.06631502202,18694.13178488581
2018-02-13,64378.8357427705,82713.60711295927,18334.771370188777
2018-02-12,63276.371776465436,81597.84826941679,18321.476492951355
2018-02-11,62638.87822886639,80952.14506147194,18313.26683260554
2018-02-10,61684.94988454458,79932.27268712941,18247.32280258484
2018-02-09,60940.65265389588,78559.72683769681,17619.074183800934
2018-02-08,53404.046574507825,70641.70308627804,17237.656511770212
2018-02-07,53206.32593241876,70428.91971870248,17222.593786283724
2018-02-06,52614.30566875331,69696.59808618424,17082.292417430926
2018-02-05,49596.44239987232,65109.502363353065,15513.059963480744
2018-02-04,43309.04324531015,57762.55016603828,14453.506920728127
2018-02-03,41573.95641107313,55989.45818016475,14415.50176909162
2018-02-02,40855.46807739674,55184.518401084664,14329.050323687927
2018-02-01,38824.007651413136,52900.20756388086,14076.199912467722
2018-01-30,38353.49255719164,51745.9647107406,13392.472153548963
2018-01-31,38300.768395815525,52373.62553009061,14072.857134275087
2018-01-29,37894.61630503531,51181.894207836725,13287.27790280141
2018-01-24,37647.14604629178,50093.8705587181,12446.72451242632
2018-01-23,37481.42326774509,49817.57296224345,12336.149694498356
2018-01-28,37142.39591845074,50390.30321903509,13247.907300584355
2018-01-27,37138.163253384744,50291.5722196786,13153.40896629386
2018-01-26,37136.512185121566,50242.46683269064,13105.954647569071
2018-01-25,37076.405219169035,50156.25953030978,13079.85431114074
2018-01-22,37041.53466378317,49362.00026195378,12320.465598170606
2018-01-21,36709.57274421159,47997.0951541026,11287.522409891008
2018-01-20,36361.45863287852,47618.957180383295,11257.498547504774
2018-01-17,36322.552441375716,46357.74543666712,10035.192995291405
2018-01-18,36314.87948117933,47397.11409797652,11082.234616797192
2018-01-19,36214.84921494458,47453.91508227674,11239.065867332163
2018-01-09,33869.7174775094,40303.717710171164,6434.00023266176
2018-01-08,33752.66063092107,40176.446814087576,6423.786183166507
2018-01-07,33496.55455932873,39898.153880967235,6401.5993216385
2018-01-10,33381.21194924225,40347.823761287385,6966.611812045135
2018-01-11,33359.838496215976,40451.73579978685,7091.897303570875
2018-01-06,33356.858404543134,39752.777626259514,6395.919221716383
2018-01-04,32605.659813171325,38472.02343843346,5866.363625262136
2018-01-15,32405.90112893933,40817.74455573903,8411.843426799702
2018-01-14,32399.079426776712,40800.64050223144,8401.56107545473
2018-01-13,32369.593142351605,40765.48004098746,8395.886898635854
2018-01-05,32367.66652934246,38753.153379069925,6385.486849727467
2018-01-12,32199.276100963554,40556.639421166066,8357.363320202512
2018-01-16,32017.75380517358,41581.67199841959,9563.918193246009
2018-01-03,28882.998730203966,34117.37957220622,5234.380842002256
2018-01-02,27193.775761279925,32397.99649187411,5204.220730594183
2018-01-01,26838.318557221683,32022.995260978452,5184.676703756768
2017-12-31,26760.490237296155,31936.15992276034,5175.669685464185
2017-12-30,26485.185678129325,31455.609820333888,4970.424142204563
2017-12-29,26370.568472210405,31338.44835679362,4967.879884583212
2017-12-27,26330.02368294122,31097.85888038627,4767.835197445049
2017-12-28,26283.819475817123,31251.699360400336,4967.879884583212
2017-12-25,23849.46268984672,27495.561827484427,3646.0991376377074
2017-12-24,23734.034643340663,27358.340428628377,3624.3057852877123
2017-12-26,23574.29398803848,27775.017020766743,4200.723032728262
2017-12-23,20658.69617196832,23269.46280060445,2610.76662863613
2017-12-22,18830.844186294788,21203.58006889811,2372.7358826033237
2017-12-21,15644.732690357645,15886.619588394982,241.88689803733686
2017-12-20,14183.070621067145,14414.877519104482,231.80689803733685
2017-12-19,6240.431313943119,6347.982308768471,107.55099482535249
2017-12-18,2425.6619999999994,2526.6619999999994,101.0
