date,time,DAI Price,Stability Fee,y,x1,x2
12/18/2017,1,1.017604842,0.5,-0.014228356,-0.017604842,0.5
12/19/2017,2,1.003376485,0.5,0.00959587,-0.003376485,0.5
12/20/2017,3,1.012972355,0.5,0.012765271,-0.012972355,0.5
12/21/2017,4,1.025737626,0.5,-0.053509619,-0.025737626,0.5
12/22/2017,5,0.972228007,0.5,0.038971552,0.027771993,0.5
12/23/2017,6,1.011199559,0.5,-0.023471858,-0.011199559,0.5
12/24/2017,7,0.987727701,0.5,0.035781452,0.012272299,0.5
12/25/2017,8,1.023509152,0.5,-0.004956885,-0.023509152,0.5
12/26/2017,9,1.018552267,0.5,-0.003004563,-0.018552267,0.5
12/27/2017,10,1.015547704,0.5,0.01670205,-0.015547704,0.5
12/28/2017,11,1.032249754,0.5,-0.008521554,-0.032249754,0.5
12/29/2017,12,1.023728201,0.5,-0.043907427,-0.023728201,0.5
12/30/2017,13,0.979820773,0.5,0.027016819,0.020179227,0.5
12/31/2017,14,1.006837593,0.5,0.009377238,-0.006837593,0.5
1/1/2018,15,1.016214831,0.5,0.013058341,-0.016214831,0.5
1/2/2018,16,1.029273171,0.5,-0.010511104,-0.029273171,0.5
1/3/2018,17,1.018762067,0.5,0.001108699,-0.018762067,0.5
1/4/2018,18,1.019870766,0.5,0.01212112,-0.019870766,0.5
1/5/2018,19,1.031991886,0.5,0.000515863,-0.031991886,0.5
1/6/2018,20,1.032507748,0.5,0.010687216,-0.032507748,0.5
1/7/2018,21,1.043194965,0.5,0.004620792,-0.043194965,0.5
1/8/2018,22,1.047815757,0.5,-0.037275324,-0.047815757,0.5
1/9/2018,23,1.010540433,0.5,0.013575201,-0.010540433,0.5
1/10/2018,24,1.024115634,0.5,-0.009716341,-0.024115634,0.5
1/11/2018,25,1.014399293,0.5,-0.015745629,-0.014399293,0.5
1/12/2018,26,0.998653664,0.5,0.012067539,0.001346336,0.5
1/13/2018,27,1.010721203,0.5,-0.005025858,-0.010721203,0.5
1/14/2018,28,1.005695345,0.5,-0.002542245,-0.005695345,0.5
1/15/2018,29,1.003153101,0.5,-0.014045377,-0.003153101,0.5
1/16/2018,30,0.989107724,0.5,-0.001405479,0.010892276,0.5
1/17/2018,31,0.987702245,0.5,0.011072856,0.012297755,0.5
1/18/2018,32,0.998775101,0.5,-0.002474554,0.001224899,0.5
1/19/2018,33,0.996300547,0.5,0.017120218,0.003699453,0.5
1/20/2018,34,1.013420765,0.5,-0.005517886,-0.013420765,0.5
1/21/2018,35,1.007902879,0.5,-0.002970316,-0.007902879,0.5
1/22/2018,36,1.004932563,0.5,-0.0083818,-0.004932563,0.5
1/23/2018,37,0.996550763,0.5,0.034346849,0.003449237,0.5
1/24/2018,38,1.030897612,0.5,-0.017217034,-0.030897612,0.5
1/25/2018,39,1.013680578,0.5,-0.01096008,-0.013680578,0.5
1/26/2018,40,1.002720498,0.5,0.008371782,-0.002720498,0.5
1/27/2018,41,1.01109228,0.5,0.029486806,-0.01109228,0.5
1/28/2018,42,1.040579085,0.5,-0.018549086,-0.040579085,0.5
1/29/2018,43,1.022029999,0.5,-0.005891874,-0.022029999,0.5
1/30/2018,44,1.016138126,0.5,-0.006205563,-0.016138126,0.5
1/31/2018,45,1.009932563,0.5,0.003597233,-0.009932563,0.5
2/1/2018,46,1.013529796,0.5,-0.002449502,-0.013529796,0.5
2/2/2018,47,1.011080294,0.5,-0.018079182,-0.011080294,0.5
2/3/2018,48,0.993001112,0.5,0.010481579,0.006998888,0.5
2/4/2018,49,1.003482691,0.5,0.024652585,-0.003482691,0.5
2/5/2018,50,1.028135276,0.5,-0.002698421,-0.028135276,0.5
2/6/2018,51,1.025436855,0.5,-0.031350481,-0.025436855,0.5
2/7/2018,52,0.994086374,0.5,0.017790208,0.005913626,0.5
2/8/2018,53,1.011876582,0.5,-0.010145285,-0.011876582,0.5
2/9/2018,54,1.001731297,0.5,0.00340678,-0.001731297,0.5
2/10/2018,55,1.005138077,0.5,0.00466666,-0.005138077,0.5
2/11/2018,56,1.009804737,0.5,-0.006848658,-0.009804737,0.5
2/12/2018,57,1.00295608,0.5,-2.66E-05,-0.00295608,0.5
2/13/2018,58,1.002929508,0.5,0.001216407,-0.002929508,0.5
2/14/2018,59,1.004145915,0.5,0.003413025,-0.004145915,0.5
2/15/2018,60,1.00755894,0.5,-0.00120724,-0.00755894,0.5
2/16/2018,61,1.0063517,0.5,0.002124227,-0.0063517,0.5
2/17/2018,62,1.008475927,0.5,-0.004404943,-0.008475927,0.5
2/18/2018,63,1.004070984,0.5,0.006095022,-0.004070984,0.5
2/19/2018,64,1.010166006,0.5,-0.002236984,-0.010166006,0.5
2/20/2018,65,1.007929022,0.5,-0.001092352,-0.007929022,0.5
2/21/2018,66,1.00683667,0.5,0.009114481,-0.00683667,0.5
2/22/2018,67,1.015951151,0.5,-0.000806479,-0.015951151,0.5
2/23/2018,68,1.015144672,0.5,-0.010281826,-0.015144672,0.5
2/24/2018,69,1.004862846,0.5,0.005383283,-0.004862846,0.5
2/25/2018,70,1.010246128,0.5,-0.001240775,-0.010246128,0.5
2/26/2018,71,1.009005354,0.5,-0.004077444,-0.009005354,0.5
2/27/2018,72,1.00492791,0.5,-0.00389242,-0.00492791,0.5
2/28/2018,73,1.00103549,0.5,0.006814537,-0.00103549,0.5
3/1/2018,74,1.007850026,0.5,-0.00627285,-0.007850026,0.5
3/2/2018,75,1.001577177,0.5,-0.003586983,-0.001577177,0.5
3/3/2018,76,0.997990194,0.5,0.003151011,0.002009806,0.5
3/4/2018,77,1.001141205,0.5,-0.001633648,-0.001141205,0.5
3/5/2018,78,0.999507557,0.5,0.007700856,0.000492443,0.5
3/6/2018,79,1.007208413,0.5,0.010909504,-0.007208413,0.5
3/7/2018,80,1.018117917,0.5,-0.013619636,-0.018117917,0.5
3/8/2018,81,1.004498281,0.5,-0.001058497,-0.004498281,0.5
3/9/2018,82,1.003439784,0.5,-0.001520478,-0.003439784,0.5
3/10/2018,83,1.001919306,0.5,0.000430016,-0.001919306,0.5
3/11/2018,84,1.002349322,0.5,0.010032726,-0.002349322,0.5
3/12/2018,85,1.012382048,0.5,-0.012088042,-0.012382048,0.5
3/13/2018,86,1.000294005,0.5,-0.010264738,-0.000294005,0.5
3/14/2018,87,0.990029267,0.5,0.014483024,0.009970733,0.5
3/15/2018,88,1.004512291,0.5,-0.006535197,-0.004512291,0.5
3/16/2018,89,0.997977094,0.5,0.000164246,0.002022906,0.5
3/17/2018,90,0.998141341,0.5,0.018545446,0.001858659,0.5
3/18/2018,91,1.016686786,0.5,-0.010295449,-0.016686786,0.5
3/19/2018,92,1.006391337,0.5,-0.003965089,-0.006391337,0.5
3/20/2018,93,1.002426249,0.5,-0.006501462,-0.002426249,0.5
3/21/2018,94,0.995924786,0.5,0.012533241,0.004075214,0.5
3/22/2018,95,1.008458027,0.5,-0.006314617,-0.008458027,0.5
3/23/2018,96,1.00214341,0.5,-0.004419905,-0.00214341,0.5
3/24/2018,97,0.997723505,0.5,-0.000591911,0.002276495,0.5
3/25/2018,98,0.997131593,0.5,-0.001822397,0.002868407,0.5
3/26/2018,99,0.995309196,0.5,0.011060597,0.004690804,0.5
3/27/2018,100,1.006369792,0.5,-0.001347424,-0.006369792,0.5
3/28/2018,101,1.005022368,0.5,0.00854307,-0.005022368,0.5
3/29/2018,102,1.013565438,0.5,-0.00405751,-0.013565438,0.5
3/30/2018,103,1.009507928,0.5,-0.015184118,-0.009507928,0.5
3/31/2018,104,0.99432381,0.5,0.00214844,0.00567619,0.5
4/1/2018,105,0.99647225,0.5,0.002711851,0.00352775,0.5
4/2/2018,106,0.999184101,0.5,-0.006171834,0.000815899,0.5
4/3/2018,107,0.993012267,0.5,-0.003396009,0.006987733,0.5
4/4/2018,108,0.989616258,0.5,0.013272144,0.010383742,0.5
4/5/2018,109,1.002888402,0.5,-0.003114069,-0.002888402,0.5
4/6/2018,110,0.999774333,0.5,-9.22E-05,0.000225667,0.5
4/7/2018,111,0.999682132,0.5,-0.013183203,0.000317868,0.5
4/8/2018,112,0.986498929,0.5,0.018246142,0.013501071,0.5
4/9/2018,113,1.004745071,0.5,-0.016176395,-0.004745071,0.5
4/10/2018,114,0.988568676,0.5,0.002153271,0.011431324,0.5
4/11/2018,115,0.990721947,0.5,0.013747492,0.009278053,0.5
4/12/2018,116,1.004469438,0.5,-0.007037203,-0.004469438,0.5
4/13/2018,117,0.997432235,0.5,-0.003042149,0.002567765,0.5
4/14/2018,118,0.994390086,0.5,0.005877577,0.005609914,0.5
4/15/2018,119,1.000267663,0.5,-0.002000601,-0.000267663,0.5
4/16/2018,120,0.998267063,0.5,-0.00582461,0.001732937,0.5
4/17/2018,121,0.992442453,0.5,-0.000479531,0.007557547,0.5
4/18/2018,122,0.991962922,0.5,0.006806823,0.008037078,0.5
4/19/2018,123,0.998769745,0.5,0.004111271,0.001230255,0.5
4/20/2018,124,1.002881016,0.5,0.00295999,-0.002881016,0.5
4/21/2018,125,1.005841007,0.5,-0.005598582,-0.005841007,0.5
4/22/2018,126,1.000242425,0.5,0.002530165,-0.000242425,0.5
4/23/2018,127,1.00277259,0.5,-0.001772608,-0.00277259,0.5
4/24/2018,128,1.000999982,0.5,0.006886392,-0.000999982,0.5
4/25/2018,129,1.007886374,0.5,-0.009517765,-0.007886374,0.5
4/26/2018,130,0.998368609,0.5,0.002796173,0.001631391,0.5
4/27/2018,131,1.001164782,0.5,-0.003521743,-0.001164782,0.5
4/28/2018,132,0.997643038,0.5,0.013894424,0.002356962,0.5
4/29/2018,133,1.011537462,0.5,-0.003293168,-0.011537462,0.5
4/30/2018,134,1.008244294,0.5,-0.000118895,-0.008244294,0.5
5/1/2018,135,1.0081254,0.5,-0.010419834,-0.0081254,0.5
5/2/2018,136,0.997705566,0.5,0.004410306,0.002294434,0.5
5/3/2018,137,1.002115872,0.5,-0.005698758,-0.002115872,0.5
5/4/2018,138,0.996417114,0.5,0.005781045,0.003582886,0.5
5/5/2018,139,1.00219816,0.5,0.007705574,-0.00219816,0.5
5/6/2018,140,1.009903734,0.5,-0.008279475,-0.009903734,0.5
5/7/2018,141,1.001624259,0.5,0.002250252,-0.001624259,0.5
5/8/2018,142,1.003874511,0.5,-0.00139597,-0.003874511,0.5
5/9/2018,143,1.002478541,0.5,-0.004523166,-0.002478541,0.5
5/10/2018,144,0.997955375,0.5,0.024400389,0.002044625,0.5
5/11/2018,145,1.022355764,0.5,-0.02161741,-0.022355764,0.5
5/12/2018,146,1.000738354,0.5,-0.003794582,-0.000738354,0.5
5/13/2018,147,0.996943772,0.5,0.010553566,0.003056228,0.5
5/14/2018,148,1.007497339,0.5,-0.010003164,-0.007497339,0.5
5/15/2018,149,0.997494175,0.5,0.00672791,0.002505825,0.5
5/16/2018,150,1.004222086,0.5,-0.001816319,-0.004222086,0.5
5/17/2018,151,1.002405766,0.5,-0.000472608,-0.002405766,0.5
5/18/2018,152,1.001933158,0.5,-0.003593219,-0.001933158,0.5
5/19/2018,153,0.998339939,0.5,0.004991835,0.001660061,0.5
5/20/2018,154,1.003331774,0.5,-0.000285498,-0.003331774,0.5
5/21/2018,155,1.003046276,0.5,-0.001206445,-0.003046276,0.5
5/22/2018,156,1.001839831,0.5,0.037266551,-0.001839831,0.5
5/23/2018,157,1.039106381,0.5,-0.000104917,-0.039106381,0.5
5/24/2018,158,1.039001465,0.5,-0.031635826,-0.039001465,0.5
5/25/2018,159,1.007365639,0.5,-0.003924328,-0.007365639,0.5
5/26/2018,160,1.003441311,0.5,-0.001284536,-0.003441311,0.5
5/27/2018,161,1.002156775,0.5,0.018263907,-0.002156775,0.5
5/28/2018,162,1.020420682,0.5,-0.022060133,-0.020420682,0.5
5/29/2018,163,0.998360549,0.5,-0.005280219,0.001639451,0.5
5/30/2018,164,0.993080329,0.5,0.004981485,0.006919671,0.5
5/31/2018,165,0.998061815,0.5,0.009672529,0.001938185,0.5
6/1/2018,166,1.007734344,0.5,-0.016627449,-0.007734344,0.5
6/2/2018,167,0.991106895,0.5,-0.004002442,0.008893105,0.5
6/3/2018,168,0.987104452,0.5,0.012989683,0.012895548,0.5
6/4/2018,169,1.000094136,0.5,0.002331746,-9.41E-05,0.5
6/5/2018,170,1.002425881,0.5,0.004399853,-0.002425881,0.5
6/6/2018,171,1.006825734,0.5,-0.006989489,-0.006825734,0.5
6/7/2018,172,0.999836245,0.5,0.00123243,0.000163755,0.5
6/8/2018,173,1.001068675,0.5,-0.058372412,-0.001068675,0.5
6/9/2018,174,0.942696263,0.5,0.037311767,0.057303737,0.5
6/10/2018,175,0.980008029,0.5,0.017151464,0.019991971,0.5
6/11/2018,176,0.997159493,0.5,0.012299704,0.002840507,0.5
6/12/2018,177,1.009459197,0.5,-0.00733998,-0.009459197,0.5
6/13/2018,178,1.002119217,0.5,-0.014591623,-0.002119217,0.5
6/14/2018,179,0.987527593,0.5,0.012249946,0.012472407,0.5
6/15/2018,180,0.999777539,0.5,0.000833844,0.000222461,0.5
6/16/2018,181,1.000611383,0.5,0.001599548,-0.000611383,0.5
6/17/2018,182,1.002210931,0.5,0.006126723,-0.002210931,0.5
6/18/2018,183,1.008337654,0.5,-0.016837595,-0.008337654,0.5
6/19/2018,184,0.991500059,0.5,-0.003799831,0.008499941,0.5
6/20/2018,185,0.987700227,0.5,0.008668338,0.012299773,0.5
6/21/2018,186,0.996368565,0.5,0.001350095,0.003631435,0.5
6/22/2018,187,0.99771866,0.5,0.006328536,0.00228134,0.5
6/23/2018,188,1.004047196,0.5,-0.011366234,-0.004047196,0.5
6/24/2018,189,0.992680962,0.5,0.00106469,0.007319038,0.5
6/25/2018,190,0.993745652,0.5,0.005309434,0.006254348,0.5
6/26/2018,191,0.999055086,0.5,-0.006827406,0.000944914,0.5
6/27/2018,192,0.99222768,0.5,0.001743972,0.00777232,0.5
6/28/2018,193,0.993971652,0.5,-0.000159158,0.006028348,0.5
6/29/2018,194,0.993812494,0.5,0.009790093,0.006187506,0.5
6/30/2018,195,1.003602587,0.5,-0.014748934,-0.003602587,0.5
7/1/2018,196,0.988853652,0.5,0.000258844,0.011146348,0.5
7/2/2018,197,0.989112497,0.5,-0.011624444,0.010887503,0.5
7/3/2018,198,0.977488053,0.5,0.011804723,0.022511947,0.5
7/4/2018,199,0.989292776,0.5,0.007624835,0.010707224,0.5
7/5/2018,200,0.996917611,0.5,-0.001451538,0.003082389,0.5
7/6/2018,201,0.995466074,0.5,-0.004373741,0.004533926,0.5
7/7/2018,202,0.991092333,0.5,0.009622893,0.008907667,0.5
7/8/2018,203,1.000715226,0.5,0.003202852,-0.000715226,0.5
7/9/2018,204,1.003918078,0.5,-0.005716646,-0.003918078,0.5
7/10/2018,205,0.998201432,0.5,-0.018163159,0.001798568,0.5
7/11/2018,206,0.980038273,0.5,0.015050344,0.019961727,0.5
7/12/2018,207,0.995088616,0.5,-0.008528612,0.004911384,0.5
7/13/2018,208,0.986560004,0.5,0.00381652,0.013439996,0.5
7/14/2018,209,0.990376524,0.5,0.004036574,0.009623476,0.5
7/15/2018,210,0.994413098,0.5,-0.006085845,0.005586902,0.5
7/16/2018,211,0.988327253,0.5,-0.001174855,0.011672747,0.5
7/17/2018,212,0.987152398,0.5,-0.001354262,0.012847602,0.5
7/18/2018,213,0.985798136,0.5,0.010728243,0.014201864,0.5
7/19/2018,214,0.996526379,0.5,0.004521495,0.003473621,0.5
7/20/2018,215,1.001047874,0.5,-0.008827925,-0.001047874,0.5
7/21/2018,216,0.99221995,0.5,0.000675888,0.00778005,0.5
7/22/2018,217,0.992895837,0.5,0.008410925,0.007104163,0.5
7/23/2018,218,1.001306762,0.5,-0.010294582,-0.001306762,0.5
7/24/2018,219,0.99101218,0.5,-0.006372431,0.00898782,0.5
7/25/2018,220,0.98463975,0.5,0.01050816,0.01536025,0.5
7/26/2018,221,0.995147909,0.5,-0.000360069,0.004852091,0.5
7/27/2018,222,0.99478784,0.5,-0.006760849,0.00521216,0.5
7/28/2018,223,0.988026991,0.5,0.007948853,0.011973009,0.5
7/29/2018,224,0.995975844,0.5,-0.001063906,0.004024156,0.5
7/30/2018,225,0.994911938,0.5,-0.001484295,0.005088062,0.5
7/31/2018,226,0.993427643,0.5,0.000834704,0.006572357,0.5
8/1/2018,227,0.994262347,0.5,0.003834632,0.005737653,0.5
8/2/2018,228,0.998096979,0.5,0.01374461,0.001903021,0.5
8/3/2018,229,1.011841589,0.5,-0.025666359,-0.011841589,0.5
8/4/2018,230,0.98617523,0.5,0.009189293,0.01382477,0.5
8/5/2018,231,0.995364523,0.5,0.0010458,0.004635477,0.5
8/6/2018,232,0.996410323,0.5,-0.002910836,0.003589677,0.5
8/7/2018,233,0.993499487,0.5,0.011237128,0.006500513,0.5
8/8/2018,234,1.004736616,0.5,-0.009747668,-0.004736616,0.5
8/9/2018,235,0.994988947,0.5,0.015106597,0.005011053,0.5
8/10/2018,236,1.010095544,0.5,0.00393294,-0.010095544,0.5
8/11/2018,237,1.014028485,0.5,-0.004973742,-0.014028485,0.5
8/12/2018,238,1.009054743,0.5,0.021019069,-0.009054743,0.5
8/13/2018,239,1.030073812,0.5,-0.007385202,-0.030073812,0.5
8/14/2018,240,1.02268861,0.5,-0.01725049,-0.02268861,0.5
8/15/2018,241,1.00543812,0.5,3.60E-05,-0.00543812,0.5
8/16/2018,242,1.005474121,0.5,-0.003820981,-0.005474121,0.5
8/17/2018,243,1.00165314,0.5,0.00237046,-0.00165314,0.5
8/18/2018,244,1.0040236,0.5,-0.001291139,-0.0040236,0.5
8/19/2018,245,1.002732461,0.5,0.008389423,-0.002732461,0.5
8/20/2018,246,1.011121885,0.5,0.006325062,-0.011121885,0.5
8/21/2018,247,1.017446946,0.5,-0.005664519,-0.017446946,0.5
8/22/2018,248,1.011782427,0.5,-0.009355529,-0.011782427,0.5
8/23/2018,249,1.002426898,0.5,0.001618431,-0.002426898,0.5
8/24/2018,250,1.00404533,0.5,-0.003987191,-0.00404533,0.5
8/25/2018,251,1.000058138,0.5,0.006648255,-5.81E-05,0.5
8/26/2018,252,1.006706393,0.5,-0.009312004,-0.006706393,0.5
8/27/2018,253,0.997394389,0.5,-0.009312348,0.002605611,0.5
8/28/2018,254,0.988082041,0.5,0.01125865,0.011917959,0.5
8/29/2018,255,0.99934069,0.5,0.009863387,0.00065931,0.5
8/30/2018,256,1.009204077,2.5,-0.006339833,-0.009204077,2.5
8/31/2018,257,1.002864244,2.5,-0.006456355,-0.002864244,2.5
9/1/2018,258,0.996407889,2.5,0.000292054,0.003592111,2.5
9/2/2018,259,0.996699943,2.5,0.00608227,0.003300057,2.5
9/3/2018,260,1.002782214,2.5,-0.000779655,-0.002782214,2.5
9/4/2018,261,1.002002559,2.5,0.026132846,-0.002002559,2.5
9/5/2018,262,1.028135405,2.5,0.002070546,-0.028135405,2.5
9/6/2018,263,1.030205951,2.5,-0.017585273,-0.030205951,2.5
9/7/2018,264,1.012620677,2.5,0.002590942,-0.012620677,2.5
9/8/2018,265,1.015211619,2.5,-0.001017379,-0.015211619,2.5
9/9/2018,266,1.014194241,2.5,-0.010286417,-0.014194241,2.5
9/10/2018,267,1.003907823,2.5,0.004473485,-0.003907823,2.5
9/11/2018,268,1.008381309,2.5,0.001594891,-0.008381309,2.5
9/12/2018,269,1.009976199,2.5,-0.018713731,-0.009976199,2.5
9/13/2018,270,0.991262469,2.5,0.005043154,0.008737531,2.5
9/14/2018,271,0.996305622,2.5,-0.000851603,0.003694378,2.5
9/15/2018,272,0.995454019,2.5,0.002366518,0.004545981,2.5
9/16/2018,273,0.997820537,2.5,0.003220061,0.002179463,2.5
9/17/2018,274,1.001040598,2.5,-0.001575009,-0.001040598,2.5
9/18/2018,275,0.999465589,2.5,0.001251063,0.000534411,2.5
9/19/2018,276,1.000716652,2.5,-0.002652535,-0.000716652,2.5
9/20/2018,277,0.998064118,2.5,-0.008417432,0.001935882,2.5
9/21/2018,278,0.989646685,2.5,-6.70E-05,0.010353315,2.5
9/22/2018,279,0.98957968,2.5,0.010439729,0.01042032,2.5
9/23/2018,280,1.000019409,2.5,-0.002434461,-1.94E-05,2.5
9/24/2018,281,0.997584947,2.5,-0.000477055,0.002415053,2.5
9/25/2018,282,0.997107893,2.5,-0.000209986,0.002892107,2.5
9/26/2018,283,0.996897907,2.5,-0.000875882,0.003102093,2.5
9/27/2018,284,0.996022025,2.5,0.004962042,0.003977975,2.5
9/28/2018,285,1.000984067,2.5,-0.000501592,-0.000984067,2.5
9/29/2018,286,1.000482475,2.5,-0.003652281,-0.000482475,2.5
9/30/2018,287,0.996830194,2.5,0.000415023,0.003169806,2.5
10/1/2018,288,0.997245216,2.5,-5.19E-05,0.002754784,2.5
10/2/2018,289,0.997193311,2.5,0.00259045,0.002806689,2.5
10/3/2018,290,0.999783761,2.5,-0.002234762,0.000216239,2.5
10/4/2018,291,0.997548999,2.5,-0.000145072,0.002451001,2.5
10/5/2018,292,0.997403927,2.5,0.003048831,0.002596073,2.5
10/6/2018,293,1.000452758,2.5,-0.000188155,-0.000452758,2.5
10/7/2018,294,1.000264603,2.5,-0.003887071,-0.000264603,2.5
10/8/2018,295,0.996377532,2.5,0.003837848,0.003622468,2.5
10/9/2018,296,1.00021538,2.5,0.000778161,-0.00021538,2.5
10/10/2018,297,1.000993541,2.5,0.01286421,-0.000993541,2.5
10/11/2018,298,1.013857751,2.5,-0.016426426,-0.013857751,2.5
10/12/2018,299,0.997431324,2.5,0.004404959,0.002568676,2.5
10/13/2018,300,1.001836284,2.5,0.009454412,-0.001836284,2.5
10/14/2018,301,1.011290696,2.5,0.012268547,-0.011290696,2.5
10/15/2018,302,1.023559243,2.5,-0.005373945,-0.023559243,2.5
10/16/2018,303,1.018185298,2.5,-0.007264452,-0.018185298,2.5
10/17/2018,304,1.010920845,2.5,-0.010304489,-0.010920845,2.5
10/18/2018,305,1.000616356,2.5,0.00313936,-0.000616356,2.5
10/19/2018,306,1.003755717,2.5,-0.014381279,-0.003755717,2.5
10/20/2018,307,0.989374438,2.5,0.011017656,0.010625562,2.5
10/21/2018,308,1.000392094,2.5,-0.003948285,-0.000392094,2.5
10/22/2018,309,0.996443809,2.5,-0.002331109,0.003556191,2.5
10/23/2018,310,0.9941127,2.5,-0.008606006,0.0058873,2.5
10/24/2018,311,0.985506694,2.5,0.011782586,0.014493306,2.5
10/25/2018,312,0.997289279,2.5,-0.000137906,0.002710721,2.5
10/26/2018,313,0.997151373,2.5,0.007336693,0.002848627,2.5
10/27/2018,314,1.004488065,2.5,-0.00434909,-0.004488065,2.5
10/28/2018,315,1.000138976,2.5,-0.002268616,-0.000138976,2.5
10/29/2018,316,0.99787036,2.5,-0.002988929,0.00212964,2.5
10/30/2018,317,0.994881431,2.5,0.002244995,0.005118569,2.5
10/31/2018,318,0.997126426,2.5,0.002955225,0.002873574,2.5
11/1/2018,319,1.000081651,2.5,-0.0150611,-8.17E-05,2.5
11/2/2018,320,0.985020551,2.5,0.006306054,0.014979449,2.5
11/3/2018,321,0.991326605,2.5,-0.00861488,0.008673395,2.5
11/4/2018,322,0.982711725,2.5,0.006847692,0.017288275,2.5
11/5/2018,323,0.989559416,2.5,-0.009385826,0.010440584,2.5
11/6/2018,324,0.98017359,2.5,0.007973647,0.01982641,2.5
11/7/2018,325,0.988147237,2.5,0.006146528,0.011852763,2.5
11/8/2018,326,0.994293764,2.5,0.00625502,0.005706236,2.5
11/9/2018,327,1.000548784,2.5,-0.003350118,-0.000548784,2.5
11/10/2018,328,0.997198666,2.5,0.008568486,0.002801334,2.5
11/11/2018,329,1.005767151,2.5,-0.012109561,-0.005767151,2.5
11/12/2018,330,0.993657591,2.5,0.006959964,0.006342409,2.5
11/13/2018,331,1.000617555,2.5,0.015084737,-0.000617555,2.5
11/14/2018,332,1.015702292,2.5,-0.031405266,-0.015702292,2.5
11/15/2018,333,0.984297026,2.5,0.003611099,0.015702974,2.5
11/16/2018,334,0.987908125,2.5,0.010900139,0.012091875,2.5
11/17/2018,335,0.998808264,2.5,-0.006383046,0.001191736,2.5
11/18/2018,336,0.992425217,2.5,0.020855032,0.007574783,2.5
11/19/2018,337,1.013280249,2.5,0.00556845,-0.013280249,2.5
11/20/2018,338,1.018848699,2.5,-0.020223889,-0.018848699,2.5
11/21/2018,339,0.99862481,2.5,0.003641514,0.00137519,2.5
11/22/2018,340,1.002266324,2.5,0.011109018,-0.002266324,2.5
11/23/2018,341,1.013375342,2.5,0.005499911,-0.013375342,2.5
11/24/2018,342,1.018875253,2.5,0.01097669,-0.018875253,2.5
11/25/2018,343,1.029851943,2.5,-0.039455845,-0.029851943,2.5
11/26/2018,344,0.990396098,2.5,0.017107851,0.009603902,2.5
11/27/2018,345,1.00750395,2.5,-0.020465352,-0.00750395,2.5
11/28/2018,346,0.987038598,2.5,0.003932217,0.012961402,2.5
11/29/2018,347,0.990970814,2.5,0.008160389,0.009029186,2.5
11/30/2018,348,0.999131203,2.5,0.004685687,0.000868797,2.5
12/1/2018,349,1.00381689,2.5,-0.011581372,-0.00381689,2.5
12/2/2018,350,0.992235519,2.5,0.011864617,0.007764481,2.5
12/3/2018,351,1.004100136,2.5,-0.009487186,-0.004100136,2.5
12/4/2018,352,0.99461295,2.5,0.012868863,0.00538705,2.5
12/5/2018,353,1.007481813,2.5,0.019407584,-0.007481813,2.5
12/6/2018,354,1.026889398,2.5,0.001485239,-0.026889398,2.5
12/7/2018,355,1.028374637,2.5,-0.008509691,-0.028374637,2.5
12/8/2018,356,1.019864945,2.5,2.73E-05,-0.019864945,2.5
12/9/2018,357,1.019892288,2.5,0.00796563,-0.019892288,2.5
12/10/2018,358,1.027857918,2.5,-0.002118106,-0.027857918,2.5
12/11/2018,359,1.025739811,2.5,0.002848462,-0.025739811,2.5
12/12/2018,360,1.028588273,2.5,0.014232802,-0.028588273,2.5
12/13/2018,361,1.042821075,2.5,-0.008976457,-0.042821075,2.5
12/14/2018,362,1.033844618,2.5,-0.006030361,-0.033844618,2.5
12/15/2018,363,1.027814257,2.5,0.002852633,-0.027814257,2.5
12/16/2018,364,1.03066689,2.5,-0.011994734,-0.03066689,2.5
12/17/2018,365,1.018672156,2.5,-0.010728379,-0.018672156,2.5
12/18/2018,366,1.007943777,2.5,0.007525132,-0.007943777,2.5
12/19/2018,367,1.015468909,2.5,-0.00636006,-0.015468909,2.5
12/20/2018,368,1.009108849,2.5,0.009611517,-0.009108849,2.5
12/21/2018,369,1.018720366,0.5,-0.018981808,-0.018720366,0.5
12/22/2018,370,0.999738559,0.5,-0.018933373,0.000261441,0.5
12/23/2018,371,0.980805186,0.5,0.013089383,0.019194814,0.5
12/24/2018,372,0.993894569,0.5,0.010474925,0.006105431,0.5
12/25/2018,373,1.004369494,0.5,-0.008224743,-0.004369494,0.5
12/26/2018,374,0.996144751,0.5,0.015515817,0.003855249,0.5
12/27/2018,375,1.011660568,0.5,-0.004221069,-0.011660568,0.5
12/28/2018,376,1.007439499,0.5,0.00151855,-0.007439499,0.5
12/29/2018,377,1.008958049,0.5,-0.004606567,-0.008958049,0.5
12/30/2018,378,1.004351482,0.5,-0.009761815,-0.004351482,0.5
12/31/2018,379,0.994589668,0.5,0.018391333,0.005410332,0.5
1/1/2019,380,1.012981001,0.5,-0.0135317,-0.012981001,0.5
1/2/2019,381,0.999449301,0.5,0.013556345,0.000550699,0.5
1/3/2019,382,1.013005647,0.5,-0.007529684,-0.013005647,0.5
1/4/2019,383,1.005475962,0.5,-0.011003063,-0.005475962,0.5
1/5/2019,384,0.9944729,0.5,0.00567575,0.0055271,0.5
1/6/2019,385,1.00014865,0.5,0.001046217,-0.00014865,0.5
1/7/2019,386,1.001194867,0.5,-0.002304268,-0.001194867,0.5
1/8/2019,387,0.998890599,0.5,-0.0144787,0.001109401,0.5
1/9/2019,388,0.984411898,0.5,0.025641178,0.015588102,0.5
1/10/2019,389,1.010053077,0.5,-0.000899642,-0.010053077,0.5
1/11/2019,390,1.009153435,0.5,-0.003396147,-0.009153435,0.5
1/12/2019,391,1.005757288,0.5,0.005634822,-0.005757288,0.5
1/13/2019,392,1.011392111,0.5,-0.027037996,-0.011392111,0.5
1/14/2019,393,0.984354114,0.5,0.012931996,0.015645886,0.5
1/15/2019,394,0.997286111,0.5,0.00624931,0.002713889,0.5
1/16/2019,395,1.00353542,0.5,-0.018541679,-0.00353542,0.5
1/17/2019,396,0.984993741,0.5,0.011685814,0.015006259,0.5
1/18/2019,397,0.996679554,0.5,-0.013999125,0.003320446,0.5
1/19/2019,398,0.98268043,0.5,0.011138197,0.01731957,0.5
1/20/2019,399,0.993818627,0.5,-0.001376806,0.006181373,0.5
1/21/2019,400,0.992441821,0.5,0.010811453,0.007558179,0.5
1/22/2019,401,1.003253274,0.5,-0.012505936,-0.003253274,0.5
1/23/2019,402,0.990747338,0.5,0.015785676,0.009252662,0.5
1/24/2019,403,1.006533014,0.5,-0.003444061,-0.006533014,0.5
1/25/2019,404,1.003088953,0.5,-0.007589411,-0.003088953,0.5
1/26/2019,405,0.995499542,0.5,0.00652404,0.004500458,0.5
1/27/2019,406,1.002023582,0.5,0.011482595,-0.002023582,0.5
1/28/2019,407,1.013506177,0.5,0.001956362,-0.013506177,0.5
1/29/2019,408,1.015462539,0.5,-0.015464012,-0.015462539,0.5
1/30/2019,409,0.999998527,0.5,0.006149778,1.47E-06,0.5
1/31/2019,410,1.006148305,0.5,-0.008674299,-0.006148305,0.5
2/1/2019,411,0.997474006,0.5,-0.000708095,0.002525994,0.5
2/2/2019,412,0.996765911,0.5,0.000359119,0.003234089,0.5
2/3/2019,413,0.99712503,0.5,-0.003470016,0.00287497,0.5
2/4/2019,414,0.993655014,0.5,0.00285566,0.006344986,0.5
2/5/2019,415,0.996510674,0.5,-0.001966652,0.003489326,0.5
2/6/2019,416,0.994544022,0.5,0.000756063,0.005455978,0.5
2/7/2019,417,0.995300085,0.5,-0.003131964,0.004699915,0.5
2/8/2019,418,0.992168121,0.5,0.004883191,0.007831879,0.5
2/9/2019,419,0.997051312,1,-0.002269548,0.002948688,1
2/10/2019,420,0.994781764,1,-0.008385859,0.005218236,1
2/11/2019,421,0.986395904,1,0.000994583,0.013604096,1
2/12/2019,422,0.987390488,1,0.004093176,0.012609512,1
2/13/2019,423,0.991483663,1,0.006252135,0.008516337,1
2/14/2019,424,0.997735799,1,-0.007624604,0.002264201,1
2/15/2019,425,0.990111195,1,0.005158545,0.009888805,1
2/16/2019,426,0.99526974,1,-0.008866518,0.00473026,1
2/17/2019,427,0.986403222,1,0.001130309,0.013596778,1
2/18/2019,428,0.987533532,1,0.005922747,0.012466468,1
2/19/2019,429,0.993456279,1,0.00019307,0.006543721,1
2/20/2019,430,0.993649349,1,0.017290826,0.006350651,1
2/21/2019,431,1.010940174,1,-0.017209,-0.010940174,1
2/22/2019,432,0.993731174,1,0.006219924,0.006268826,1
2/23/2019,433,0.999951098,1.5,-0.008818596,4.89E-05,1.5
2/24/2019,434,0.991132502,1.5,0.001006966,0.008867498,1.5
2/25/2019,435,0.992139468,1.5,0.008264009,0.007860532,1.5
2/26/2019,436,1.000403477,1.5,0.013571024,-0.000403477,1.5
2/27/2019,437,1.013974501,1.5,-0.018404904,-0.013974501,1.5
2/28/2019,438,0.995569598,1.5,-0.01384163,0.004430402,1.5
3/1/2019,439,0.981727968,1.5,-0.002684888,0.018272032,1.5
3/2/2019,440,0.97904308,1.5,0.013019671,0.02095692,1.5
3/3/2019,441,0.992062751,1.5,-0.01539714,0.007937249,1.5
3/4/2019,442,0.976665611,1.5,0.001793242,0.023334389,1.5
3/5/2019,443,0.978458853,1.5,-0.000247758,0.021541147,1.5
3/6/2019,444,0.978211095,1.5,-0.002921023,0.021788905,1.5
3/7/2019,445,0.975290072,1.5,-0.008001189,0.024709928,1.5
3/8/2019,446,0.967288883,1.5,0.016685062,0.032711117,1.5
3/9/2019,447,0.983973945,3.5,0.004582261,0.016026055,3.5
3/10/2019,448,0.988556207,3.5,0.011879937,0.011443793,3.5
3/11/2019,449,1.000436144,3.5,0.003762059,-0.000436144,3.5
3/12/2019,450,1.004198203,3.5,-0.00205953,-0.004198203,3.5
3/13/2019,451,1.002138673,3.5,-0.002681531,-0.002138673,3.5
3/14/2019,452,0.999457142,3.5,-0.006956013,0.000542858,3.5
3/15/2019,453,0.992501129,3.5,0.002764758,0.007498871,3.5
3/16/2019,454,0.995265887,3.5,-0.00928189,0.004734113,3.5
3/17/2019,455,0.985983997,3.5,-0.004733753,0.014016003,3.5
3/18/2019,456,0.981250244,3.5,0.000619542,0.018749756,3.5
3/19/2019,457,0.981869786,3.5,-0.003995316,0.018130214,3.5
3/20/2019,458,0.97787447,3.5,-0.000170958,0.02212553,3.5
3/21/2019,459,0.977703512,3.5,0.006652867,0.022296488,3.5
3/22/2019,460,0.984356379,7.5,3.42E-05,0.015643621,7.5
3/23/2019,461,0.984390598,7.5,0.010667024,0.015609402,7.5
3/24/2019,462,0.995057622,7.5,0.000947712,0.004942378,7.5
3/25/2019,463,0.996005334,7.5,-0.004691322,0.003994666,7.5
3/26/2019,464,0.991314011,7.5,-0.000146987,0.008685989,7.5
3/27/2019,465,0.991167024,7.5,-0.003434786,0.008832976,7.5
3/28/2019,466,0.987732238,7.5,-0.022515247,0.012267762,7.5
3/29/2019,467,0.965216992,7.5,-0.006816577,0.034783008,7.5
3/30/2019,468,0.958400415,7.5,0.006143215,0.041599585,7.5
3/31/2019,469,0.96454363,7.5,-7.91E-05,0.03545637,7.5
4/1/2019,470,0.964464518,7.5,0.009778891,0.035535482,7.5
4/2/2019,471,0.974243409,7.5,9.60E-05,0.025756591,7.5
4/3/2019,472,0.974339401,7.5,-0.001336262,0.025660599,7.5
4/4/2019,473,0.973003139,7.5,-0.009241343,0.026996861,7.5
4/5/2019,474,0.963761796,7.5,0.005215752,0.036238204,7.5
4/6/2019,475,0.968977547,7.5,-0.007702312,0.031022453,7.5
4/7/2019,476,0.961275236,7.5,-0.004603892,0.038724764,7.5
4/8/2019,477,0.956671344,7.5,-0.005467559,0.043328656,7.5
4/9/2019,478,0.951203785,7.5,0.007394648,0.048796215,7.5
4/10/2019,479,0.958598433,7.5,0.0019034,0.041401567,7.5
4/11/2019,480,0.960501834,7.5,-0.008609237,0.039498166,7.5
4/12/2019,481,0.951892597,7.5,0.011158645,0.048107403,7.5
4/13/2019,482,0.963051242,7.5,0.012264743,0.036948758,7.5
4/14/2019,483,0.975315986,11.5,0.001552642,0.024684014,11.5
4/15/2019,484,0.976868628,11.5,0.003361644,0.023131372,11.5
4/16/2019,485,0.980230272,11.5,-0.006884152,0.019769728,11.5
4/17/2019,486,0.973346119,11.5,-0.003367263,0.026653881,11.5
4/18/2019,487,0.969978856,11.5,0.001485963,0.030021144,11.5
4/19/2019,488,0.971464819,14.5,0.0001798,0.028535181,14.5
4/20/2019,489,0.971644619,14.5,0.000801472,0.028355381,14.5
4/21/2019,490,0.972446091,14.5,0.002038381,0.027553909,14.5
4/22/2019,491,0.974484472,14.5,-0.000928214,0.025515528,14.5
4/23/2019,492,0.973556258,14.5,-0.000893736,0.026443742,14.5
4/24/2019,493,0.972662521,14.5,0.021080159,0.027337479,14.5
4/25/2019,494,0.993742681,14.5,0.001401658,0.006257319,14.5
4/26/2019,495,0.995144339,14.5,-0.000765744,0.004855661,14.5
4/27/2019,496,0.994378595,14.5,0.002842476,0.005621405,14.5
4/28/2019,497,0.99722107,16.5,0.006881216,0.00277893,16.5
4/29/2019,498,1.004102287,16.5,-0.010926267,-0.004102287,16.5
4/30/2019,499,0.99317602,16.5,-0.002688674,0.00682398,16.5
5/1/2019,500,0.990487346,16.5,0.005739002,0.009512654,16.5
5/2/2019,501,0.996226348,16.5,-0.00242787,0.003773652,16.5
5/3/2019,502,0.993798478,19.5,0.004211161,0.006201522,19.5
5/4/2019,503,0.998009639,19.5,-0.000955952,0.001990361,19.5
5/5/2019,504,0.997053687,19.5,-0.00278968,0.002946313,19.5
5/6/2019,505,0.994264006,19.5,-0.008617921,0.005735994,19.5
5/7/2019,506,0.985646086,19.5,0.01022556,0.014353914,19.5
5/8/2019,507,0.995871646,19.5,-0.002419195,0.004128354,19.5
5/9/2019,508,0.993452451,19.5,-0.001488413,0.006547549,19.5
5/10/2019,509,0.991964038,19.5,-0.004202123,0.008035962,19.5
5/11/2019,510,0.987761914,19.5,-0.003858692,0.012238086,19.5
5/12/2019,511,0.983903223,19.5,0.006609174,0.016096777,19.5
5/13/2019,512,0.990512397,19.5,0.007523957,0.009487603,19.5
5/14/2019,513,0.998036354,19.5,0.009450107,0.001963646,19.5
5/15/2019,514,1.00748646,19.5,0.015057071,-0.00748646,19.5
5/16/2019,515,1.022543531,19.5,-0.006104409,-0.022543531,19.5
5/17/2019,516,1.016439123,19.5,-0.01418547,-0.016439123,19.5
5/18/2019,517,1.002253653,19.5,-0.004733376,-0.002253653,19.5
5/19/2019,518,0.997520276,19.5,-0.000353824,0.002479724,19.5
5/20/2019,519,0.997166452,19.5,-0.002382656,0.002833548,19.5
5/21/2019,520,0.994783796,19.5,0.005864309,0.005216204,19.5
5/22/2019,521,1.000648105,19.5,0.000808671,-0.000648105,19.5
5/23/2019,522,1.001456776,19.5,-0.013005769,-0.001456776,19.5
5/24/2019,523,0.988451006,19.5,0.00779339,0.011548994,19.5
5/25/2019,524,0.996244397,19.5,0.000812167,0.003755603,19.5
5/26/2019,525,0.997056563,19.5,0.007297865,0.002943437,19.5
5/27/2019,526,1.004354428,19.5,0.008746747,-0.004354428,19.5
5/28/2019,527,1.013101176,17.5,-0.005228906,-0.013101176,17.5
5/29/2019,528,1.00787227,17.5,-0.000123989,-0.00787227,17.5
5/30/2019,529,1.007748281,17.5,-0.00723152,-0.007748281,17.5
5/31/2019,530,1.000516761,17.5,-0.003346502,-0.000516761,17.5
6/1/2019,531,0.997170259,17.5,0.001961161,0.002829741,17.5
6/2/2019,532,0.99913142,17.5,0.00898215,0.00086858,17.5
6/3/2019,533,1.00811357,17.5,0.000534188,-0.00811357,17.5
6/4/2019,534,1.008647759,17.5,-0.004105016,-0.008647759,17.5
6/5/2019,535,1.004542742,16.5,0.002268006,-0.004542742,16.5
6/6/2019,536,1.006810748,16.5,-0.007667406,-0.006810748,16.5
6/7/2019,537,0.999143342,16.5,0.009232994,0.000856658,16.5
6/8/2019,538,1.008376336,16.5,-0.001698978,-0.008376336,16.5
6/9/2019,539,1.006677358,16.5,-0.005280162,-0.006677358,16.5
6/10/2019,540,1.001397196,16.5,-0.0020517,-0.001397196,16.5
6/11/2019,541,0.999345497,16.5,-0.014364432,0.000654503,16.5
6/12/2019,542,0.984981064,16.5,0.006365683,0.015018936,16.5
6/13/2019,543,0.991346748,16.5,0.003463817,0.008653252,16.5
6/14/2019,544,0.994810565,16.5,0.017879616,0.005189435,16.5
6/15/2019,545,1.012690181,16.5,-0.019030713,-0.012690181,16.5
6/16/2019,546,0.993659467,16.5,-8.76E-05,0.006340533,16.5
6/17/2019,547,0.99357184,16.5,0.003512823,0.00642816,16.5
6/18/2019,548,0.997084663,16.5,-0.001387032,0.002915337,16.5
6/19/2019,549,0.995697631,16.5,-0.00563489,0.004302369,16.5
6/20/2019,550,0.990062741,16.5,0.009994813,0.009937259,16.5
6/21/2019,551,1.000057554,16.5,-0.002871733,-5.76E-05,16.5
6/22/2019,552,0.99718582,16.5,-0.003991196,0.00281418,16.5
6/23/2019,553,0.993194624,16.5,0.008517827,0.006805376,16.5
6/24/2019,554,1.001712452,16.5,0.00293548,-0.001712452,16.5
6/25/2019,555,1.004647931,16.5,0.007350483,-0.004647931,16.5
6/26/2019,556,1.011998415,16.5,0.001186887,-0.011998415,16.5
6/27/2019,557,1.013185301,16.5,-0.01739216,-0.013185301,16.5
6/28/2019,558,0.995793142,16.5,2.23E-05,0.004206858,16.5
6/29/2019,559,0.995815435,16.5,-0.000596915,0.004184565,16.5
6/30/2019,560,0.99521852,16.5,-0.006609971,0.00478148,16.5
7/1/2019,561,0.988608549,16.5,-0.003806226,0.011391451,16.5
7/2/2019,562,0.984802323,16.5,0.001752118,0.015197677,16.5
7/3/2019,563,0.986554441,16.5,-0.001570661,0.013445559,16.5
7/4/2019,564,0.98498378,16.5,0.006194602,0.01501622,16.5
7/5/2019,565,0.991178382,17.5,0.005899358,0.008821618,17.5
7/6/2019,566,0.99707774,17.5,-0.007453051,0.00292226,17.5
7/7/2019,567,0.989624689,17.5,-0.007302776,0.010375311,17.5
7/8/2019,568,0.982321913,17.5,0.01350949,0.017678087,17.5
7/9/2019,569,0.995831403,18.5,-0.002115375,0.004168597,18.5
7/10/2019,570,0.993716028,18.5,-0.008624389,0.006283972,18.5
7/11/2019,571,0.985091639,18.5,-0.005832613,0.014908361,18.5
7/12/2019,572,0.979259026,18.5,0.014499275,0.020740974,18.5
7/13/2019,573,0.993758301,20.5,0.00644683,0.006241699,20.5
7/14/2019,574,1.000205131,20.5,-0.012265236,-0.000205131,20.5
7/15/2019,575,0.987939895,20.5,0.017874692,0.012060105,20.5
7/16/2019,576,1.005814587,20.5,-0.023801864,-0.005814587,20.5
7/17/2019,577,0.982012723,20.5,0.004449635,0.017987277,20.5
7/18/2019,578,0.986462359,20.5,0.004222672,0.013537641,20.5
7/19/2019,579,0.990685031,20.5,0.006438519,0.009314969,20.5
7/20/2019,580,0.99712355,20.5,0.007691393,0.00287645,20.5
7/21/2019,581,1.004814943,20.5,0.000414184,-0.004814943,20.5
7/22/2019,582,1.005229127,20.5,-0.003609573,-0.005229127,20.5
7/23/2019,583,1.001619554,20.5,-0.00107313,-0.001619554,20.5
7/24/2019,584,1.000546424,20.5,0.005132307,-0.000546424,20.5
7/25/2019,585,1.00567873,20.5,0.000913645,-0.00567873,20.5
7/26/2019,586,1.006592375,20.5,0.001046196,-0.006592375,20.5
7/27/2019,587,1.007638571,20.5,-0.001728386,-0.007638571,20.5
7/28/2019,588,1.005910184,20.5,0.004426316,-0.005910184,20.5
7/29/2019,589,1.010336501,20.5,-0.005236574,-0.010336501,20.5
7/30/2019,590,1.005099926,20.5,-0.004774967,-0.005099926,20.5
7/31/2019,591,1.00032496,20.5,0.004017615,-0.00032496,20.5
8/1/2019,592,1.004342575,20.5,0.000310459,-0.004342575,20.5
8/2/2019,593,1.004653034,20.5,-0.008700286,-0.004653034,20.5
8/3/2019,594,0.995952748,20.5,0.006557613,0.004047252,20.5
8/4/2019,595,1.002510361,20.5,0.0019513,-0.002510361,20.5
8/5/2019,596,1.004461661,20.5,-0.001035938,-0.004461661,20.5
8/6/2019,597,1.003425723,20.5,-0.003945995,-0.003425723,20.5
8/7/2019,598,0.999479728,20.5,0.007242627,0.000520272,20.5
8/8/2019,599,1.006722356,20.5,0.020261416,-0.006722356,20.5
8/9/2019,600,1.026983771,20.5,-0.028532953,-0.026983771,20.5
8/10/2019,601,0.998450818,20.5,0.002644968,0.001549182,20.5
8/11/2019,602,1.001095786,20.5,0.003177695,-0.001095786,20.5
8/12/2019,603,1.004273481,20.5,-0.00103398,-0.004273481,20.5
8/13/2019,604,1.003239501,20.5,0.01054123,-0.003239501,20.5
8/14/2019,605,1.013780731,20.5,0.006211475,-0.013780731,20.5
8/15/2019,606,1.019992206,20.5,-0.017662047,-0.019992206,20.5
8/16/2019,607,1.002330159,20.5,-0.003988015,-0.002330159,20.5
8/17/2019,608,0.998342144,20.5,0.0091103,0.001657856,20.5
8/18/2019,609,1.007452445,20.5,-0.004493338,-0.007452445,20.5
8/19/2019,610,1.002959107,20.5,0.007030115,-0.002959107,20.5
8/20/2019,611,1.009989221,20.5,0.000423826,-0.009989221,20.5
8/21/2019,612,1.010413047,20.5,-0.006502997,-0.010413047,20.5
8/22/2019,613,1.00391005,18.5,0.001892732,-0.00391005,18.5
8/23/2019,614,1.005802782,18.5,0.008303975,-0.005802782,18.5
8/24/2019,615,1.014106757,18.5,0.004882092,-0.014106757,18.5
8/25/2019,616,1.018988849,18.5,-0.004139805,-0.018988849,18.5
8/26/2019,617,1.014849043,18.5,0.007230572,-0.014849043,18.5
8/27/2019,618,1.022079615,18.5,-0.003304617,-0.022079615,18.5
8/28/2019,619,1.018774998,18.5,0.003181853,-0.018774998,18.5
8/29/2019,620,1.021956852,18.5,-0.004831363,-0.021956852,18.5
8/30/2019,621,1.017125489,16.5,-0.000630743,-0.017125489,16.5
8/31/2019,622,1.016494746,16.5,0.000395465,-0.016494746,16.5
9/1/2019,623,1.016890211,16.5,-0.005170684,-0.016890211,16.5
9/2/2019,624,1.011719527,16.5,-0.001290058,-0.011719527,16.5
9/3/2019,625,1.010429469,16.5,0.006378509,-0.010429469,16.5
9/4/2019,626,1.016807978,16.5,-0.002001796,-0.016807978,16.5
9/5/2019,627,1.014806182,16.5,-0.002623569,-0.014806182,16.5
9/6/2019,628,1.012182613,16.5,-0.001860254,-0.012182613,16.5
9/7/2019,629,1.01032236,14.5,0.000572909,-0.01032236,14.5
9/8/2019,630,1.010895268,14.5,0.002915178,-0.010895268,14.5
9/9/2019,631,1.013810446,14.5,-0.000976681,-0.013810446,14.5
9/10/2019,632,1.012833765,14.5,0.009307036,-0.012833765,14.5
9/11/2019,633,1.022140801,14.5,-0.009263529,-0.022140801,14.5
9/12/2019,634,1.012877271,14.5,-0.001506206,-0.012877271,14.5
9/13/2019,635,1.011371066,14.5,-0.003712087,-0.011371066,14.5
9/14/2019,636,1.007658979,12.5,0.002043247,-0.007658979,12.5
9/15/2019,637,1.009702226,12.5,-0.003298464,-0.009702226,12.5
9/16/2019,638,1.006403762,12.5,-0.008996592,-0.006403762,12.5
9/17/2019,639,0.99740717,12.5,0.005548466,0.00259283,12.5
9/18/2019,640,1.002955636,12.5,0.006959368,-0.002955636,12.5
9/19/2019,641,1.009915004,12.5,-0.006551461,-0.009915004,12.5
9/20/2019,642,1.003363543,12.5,0.003697113,-0.003363543,12.5
9/21/2019,643,1.007060656,12.5,0.000192539,-0.007060656,12.5
9/22/2019,644,1.007253194,12.5,0.001796591,-0.007253194,12.5
9/23/2019,645,1.009049785,12.5,0.023971194,-0.009049785,12.5
9/24/2019,646,1.033020979,12.5,-0.021502797,-0.033020979,12.5
9/25/2019,647,1.011518182,12.5,0.009886571,-0.011518182,12.5
9/26/2019,648,1.021404753,12.5,-0.01405921,-0.021404753,12.5
9/27/2019,649,1.007345543,12.5,0.003660791,-0.007345543,12.5
9/28/2019,650,1.011006334,12.5,0.002597474,-0.011006334,12.5
9/29/2019,651,1.013603808,10.5,-0.006478034,-0.013603808,10.5
9/30/2019,652,1.007125774,10.5,,,
