__timestamp,Minted DAI,Burnt DAI,Total Supply
2020-08-16,510616756.182552,502007438.7942285,8609317.388323486
2020-08-15,510616063.03508055,502005669.0089762,8610394.026104331
2020-08-14,510615392.9755331,501981907.1579267,8633485.81760645
2020-08-02,510614428.1974622,501969008.3444603,8645419.853001893
2020-08-01,510603511.6459622,501958362.2465857,8645149.399376452
2020-07-26,510603332.9656085,501946838.23913604,8656494.726472437
2020-07-23,510590913.9656085,501943929.221629,8646984.743979454
2020-07-22,510590466.9697997,501943131.1322301,8647335.837569594
2020-07-21,510589915.5544775,501941517.03236043,8648398.522117078
2020-07-09,510587010.4790135,501788688.01126206,8798322.467751443
2020-06-25,510563361.1040135,501787209.58569056,8776151.518322945
2020-06-21,510561389.58234996,501783663.22142756,8777726.360922396
2020-06-19,510555882.6462449,501775961.90246344,8779920.743781447
2020-06-10,510554670.56232864,501730212.9514652,8824457.610863447
2020-06-09,510553731.1149085,501657602.2018565,8896128.913052022
2020-06-06,510551579.5048743,501637826.2291376,8913753.27573669
2020-06-04,510550388.3750808,501624285.7695289,8926102.605551898
2020-06-03,510549386.1789248,501613968.27067596,8935417.908248842
2020-05-22,510534295.76505655,501610472.9739284,8923822.791128159
2020-05-18,510532465.42813087,501603720.8166966,8928744.61143428
2020-05-17,510532465.4271309,501527395.3731918,9005070.053939104
2020-05-15,510511841.2801809,501516479.3716074,8995361.908573449
2020-05-14,510510504.18742734,501462264.22468174,9048239.962745607
2020-05-12,510510409.18742734,501435357.17885864,9075052.008568704
2020-05-11,510509977.8424273,500984647.41738164,9525330.42504567
2020-05-10,510509956.9674273,500896199.6932245,9613757.274202824
2020-05-09,510509216.9674273,500771915.420836,9737301.546591341
2020-05-08,510506640.42831445,500604254.2891838,9902386.139130652
2020-05-07,510505650.69131446,500515924.19845426,9989726.492860198
2020-05-06,510504418.29831445,500447875.62154746,10056542.676766992
2020-05-05,510503137.79831445,500389069.7431733,10114068.055141151
2020-05-04,510499919.4564613,500358827.54533035,10141091.911130965
2020-05-03,510495163.5443709,500319154.0266834,10176009.5176875
2020-05-02,510494329.3988709,500300945.53740627,10193383.86146462
2020-05-01,510490907.3988709,500276585.4025626,10214321.996308267
2020-04-30,510487815.6576717,500234481.3265534,10253334.331118286
2020-04-29,510482734.9879093,500170744.5302758,10311990.457633495
2020-04-28,510477777.43944216,500154928.90434605,10322848.535096109
2020-04-27,510464513.4378369,500112529.1621781,10351984.275658786
2020-04-26,510464184.1387423,500106573.3757952,10357610.762947142
2020-04-25,510459478.1387423,497762969.7976603,12696508.341082036
2020-04-24,510456224.14213896,497719562.5927646,12736661.549374342
2020-04-23,510440146.63186866,497646546.980663,12793599.651205659
2020-04-22,510437331.534121,497504970.5929545,12932360.94116646
2020-04-21,510433962.8945584,497394191.74006456,13039771.154493868
2020-04-20,510429507.0686824,497042094.8348771,13387412.233805299
2020-04-19,510426672.55590194,497029542.25700617,13397130.298895776
2020-04-18,510416789.1143737,496924903.6236514,13491885.490722299
2020-04-17,510410840.57090443,496852312.19080055,13558528.380103886
2020-04-16,510408290.0202741,496813252.600829,13595037.419445097
2020-04-15,510400091.1903,496777132.22681534,13622958.963484645
2020-04-14,510391497.91291374,496734049.83297616,13657448.079937577
2020-04-13,510385931.95076627,496685445.6347965,13700486.315969765
2020-04-12,510378282.2753263,496610654.3956787,13767627.879647613
2020-04-11,510366433.02477807,496608314.19028884,13758118.834489226
2020-04-10,510356447.07740015,496606077.0358054,13750370.041594744
2020-04-09,510344766.0258836,496521332.51524717,13823433.510636449
2020-04-08,510340001.6642972,496466390.49324715,13873611.171050072
2020-04-07,510333448.6668425,496454119.37430465,13879329.292537868
2020-04-06,510317670.80864805,496265770.75318134,14051900.055466712
2020-04-05,510299392.4019069,496241339.19689566,14058053.205011249
2020-04-04,510299301.1147754,496236238.52189565,14063062.592879772
2020-04-03,510297744.92699826,496235607.7817551,14062137.145243168
2020-04-02,510290406.5237961,496226373.1259071,14064033.397888958
2020-04-01,510281984.35863405,496208519.1190011,14073465.239632964
2020-03-31,510275951.4193362,496134633.82259834,14141317.596737862
2020-03-30,510274289.95412475,496121214.18010867,14153075.774016082
2020-03-29,510274145.0327134,496119863.18010867,14154281.852604747
2020-03-28,510263241.2522257,496109802.39925486,14153438.852970839
2020-03-27,510262658.60579854,496108209.2447125,14154449.36108607
2020-03-26,510254669.5728601,496095829.4436207,14158840.12923944
2020-03-25,510251315.7844793,495612187.0474226,14639128.737056732
2020-03-24,510246055.063171,495599466.146144,14646588.917027056
2020-03-23,510241687.3411894,495525347.63174164,14716339.709447742
2020-03-22,510237439.634594,495448270.4216838,14789169.212910235
2020-03-21,510235311.2957869,495434729.4770114,14800581.818775535
2020-03-20,510111111.5855816,495371497.9326174,14739613.652964175
2020-03-19,510054658.1237998,494941529.1384221,15113128.985377729
2020-03-18,510020289.04430056,494747381.0312286,15272908.013071954
2020-03-17,510013595.91523725,494522825.65391284,15490770.261324406
2020-03-16,509934218.77205676,493685856.284648,16248362.487408757
2020-03-15,509902215.76708275,493310237.49109674,16591978.275986016
2020-03-14,509881774.23837173,492904566.73606324,16977207.502308488
2020-03-13,509876044.24083585,492118781.65943986,17757262.581395984
2020-03-12,509776999.3334575,490326723.78054214,19450275.552915394
2020-03-11,509407214.70771194,488834537.7400412,20572676.96767074
2020-03-10,508454404.32874024,487113473.0948689,21340931.23387134
2020-03-09,508411935.7076278,486989625.91589254,21422309.791735232
2020-03-08,508321759.0099386,486778421.5576812,21543337.452257395
2020-03-07,508272001.1661836,486732905.7273544,21539095.438829184
2020-03-06,508230517.6453129,486728454.247503,21502063.397809923
2020-03-05,508123312.32700986,486678624.40690905,21444687.92010081
2020-03-04,508098521.3047614,486663279.6990328,21435241.605728626
2020-03-03,508071845.9292215,486651563.94756067,21420281.981660843
2020-03-02,508056753.5043189,486639513.7157682,21417239.788550675
2020-03-01,507916879.38510334,486626394.6988335,21290484.68626982
2020-02-29,507778693.6601486,486577501.5499492,21201192.11019939
2020-02-28,507765289.47733647,486541505.8224981,21223783.654838383
2020-02-27,507753650.89173335,486496524.75394917,21257126.137784183
2020-02-26,507697314.59621334,486441388.7462105,21255925.850002825
2020-02-25,507600792.57520825,486336629.5748211,21264163.000387132
2020-02-24,507556868.6035446,486323277.1419016,21233591.46164298
2020-02-23,507533630.8332523,486302864.1523226,21230766.68092972
2020-02-22,507494963.77590317,486181119.12244195,21313844.653461218
2020-02-21,507480317.6649025,486174469.57330143,21305848.091601074
2020-02-20,507404675.9412127,486139015.78385276,21265660.157359958
2020-02-19,507340330.5682362,486069740.0913007,21270590.476935446
2020-02-18,507292467.7354884,485639586.4293129,21652881.30617553
2020-02-17,507210319.4240028,485560615.6771946,21649703.74680823
2020-02-16,507146372.92247283,485550152.2184442,21596220.704028606
2020-02-15,507094955.175016,485374556.7365382,21720398.438477814
2020-02-14,507026272.67270905,485041034.1095379,21985238.56317115
2020-02-13,506903711.04012483,484966746.8643499,21936964.175774932
2020-02-12,506831114.7253164,484855436.17514616,21975678.550170243
2020-02-11,506711772.8929198,484529031.9635031,22182740.929416656
2020-02-10,506647941.2009318,484508572.25353086,22139368.947400928
2020-02-09,506554466.87842417,484012580.19317245,22541886.685251713
2020-02-08,506506968.7794334,483799356.34842783,22707612.431005597
2020-02-07,506452067.1984663,483614503.27461284,22837563.923853457
2020-02-06,506365325.55430734,483261321.3558607,23104004.19844663
2020-02-05,506273849.2242972,482827308.4138791,23446540.81041813
2020-02-04,506174871.6664165,482179072.6433373,23995799.023079216
2020-02-03,506150796.4051053,482133942.80165374,24016853.60345155
2020-02-02,504327371.63789994,479494192.7316735,24833178.906226456
2020-02-01,504158106.01937175,479350562.52390844,24807543.49546331
2020-01-31,504141852.29023945,479289305.1670808,24852547.123158634
2020-01-30,504096736.59397733,479277291.3026219,24819445.29135543
2020-01-29,504001716.3732459,478530907.1537922,25470809.219453692
2020-01-28,503940602.135889,478453625.38840723,25486976.747481763
2020-01-27,503882906.1134579,478403466.48316985,25479439.630288064
2020-01-26,503835083.75651187,477282626.36013615,26552457.396375716
2020-01-25,503818946.7818853,477236187.3353052,26582759.446580112
2020-01-24,503806287.58738256,477123128.77704483,26683158.810337722
2020-01-23,503793274.5565534,477065389.8564774,26727884.700076044
2020-01-22,503779510.86999166,476191471.12323964,27588039.746752024
2020-01-21,503680687.0995599,475391301.50781316,28289385.591746747
2020-01-20,503665372.7090982,475319622.14035946,28345750.56873876
2020-01-19,502929374.1156718,473638018.3141894,29291355.80148244
2020-01-18,502867635.7868656,473493778.46626055,29373857.32060504
2020-01-17,502813358.12956285,468258059.0138508,34555299.11571205
2020-01-16,502733741.16335946,468173769.4614118,34559971.70194769
2020-01-15,502128985.54137415,467096808.2374963,35032177.30387783
2020-01-14,502018103.6255189,466982750.46160173,35035353.163917184
2020-01-13,501828249.6830481,466636214.45952255,35192035.223525584
2020-01-12,501816249.2955491,466590252.7958269,35225996.49972218
2020-01-11,501295199.4186326,466543274.78781354,34751924.63081908
2020-01-10,501254689.6993861,466536731.89774734,34717957.80163878
2020-01-09,501243311.7459163,466508637.12836134,34734674.61755496
2020-01-08,500919902.9826027,465789698.92973757,35130204.05286515
2020-01-07,498494653.3945974,461514998.92538077,36979654.469216645
2020-01-06,497469880.0455074,460523641.97363347,36946238.0718739
2020-01-05,495925640.1595921,456941700.98319566,38983939.17639643
2020-01-04,495615405.5421678,456429636.69608164,39185768.846086144
2020-01-03,495566183.0451728,456377584.07154846,39188598.97362435
2020-01-02,495005666.51692533,455760942.84417516,39244723.672750175
2020-01-01,494990042.5715506,455595345.00064874,39394697.57090187
2019-12-31,494746133.6879267,454349930.92818314,40396202.75974357
2019-12-30,494532772.0883698,453848955.3075486,40683816.780821204
2019-12-29,494272611.0713438,453589494.99921316,40683116.07213062
2019-12-28,494197379.9057915,453443299.69970334,40754080.206088185
2019-12-27,493159712.2461326,451933498.438517,41226213.80761564
2019-12-26,492959918.8714376,451308482.30381364,41651436.56762397
2019-12-25,492746604.4735533,450747623.14734536,41998981.326207936
2019-12-24,492736643.14406365,450303155.735281,42433487.40878266
2019-12-23,492557072.86202735,449474485.79898566,43082587.06304169
2019-12-22,492415351.42623276,449163477.52713823,43251873.89909452
2019-12-21,492406027.99781185,448798494.4448507,43607533.55296117
2019-12-20,492392745.0717765,447853447.50433457,44539297.56744194
2019-12-19,492371322.9143155,447141081.84079254,45230241.073522985
2019-12-18,490438363.54575795,444529670.3666486,45908693.179109335
2019-12-17,490123638.6266417,443294925.4886197,46828713.138022006
2019-12-16,488255826.5979623,438775639.5642884,49480187.03367394
2019-12-15,487860743.45319456,437366803.4115451,50493940.04164946
2019-12-14,487748212.7231499,437235024.3853564,50513188.33779347
2019-12-13,486825158.098077,435451910.1786737,51373247.919403315
2019-12-12,486792079.2710566,434972772.1533254,51819307.11773121
2019-12-11,486743419.8319619,434011808.9569688,52731610.874993145
2019-12-10,486699226.43586934,432079223.8569259,54620002.57894343
2019-12-09,486643607.62267894,430859230.4771456,55784377.14553332
2019-12-08,486587841.19799507,429389763.3644373,57198077.833557785
2019-12-07,486290957.2855182,427756170.38391185,58534786.90160638
2019-12-06,484022153.95162046,426327322.49680465,57694831.454815805
2019-12-05,482999963.90087485,424219613.1731928,58780350.727682054
2019-12-04,482474359.42375284,422671441.82042795,59802917.60332489
2019-12-03,482040044.2382295,421615384.41465837,60424659.823571146
2019-12-02,481081805.73787683,413819688.67890066,67262117.05897617
2019-12-01,478687510.35686666,395969567.4179533,82717942.93891335
2019-11-30,478433095.8272698,393997248.24260783,84435847.58466196
2019-11-29,477767483.18703943,393674615.1278754,84092868.05916405
2019-11-28,477668109.7499088,393265849.668683,84402260.08122581
2019-11-27,476129945.43858963,391875881.93722534,84254063.50136429
2019-11-26,475917978.0812378,391351180.8957357,84566797.18550211
2019-11-25,475557228.6875458,390828718.3388373,84728510.34870845
2019-11-24,472323297.73916,386517518.05393255,85805779.68522745
2019-11-23,472067433.531309,385991569.2447152,86075864.2865938
2019-11-22,471154764.99955255,383062938.4585348,88091826.54101777
2019-11-21,469720076.90568525,377568235.12569594,92151841.7799893
2019-11-20,467984392.1081196,371998187.3774245,95986204.73069513
2019-11-19,467019956.30113506,369098647.9924641,97921308.30867094
2019-11-18,464834654.81222504,364645742.55090964,100188912.2613154
2019-11-17,463787420.2715179,362088685.4521076,101698734.81941026
2019-11-16,463643909.83198375,361838816.4082428,101805093.42374092
2019-11-15,463567194.86481404,361711822.9706211,101855371.89419293
2019-11-14,463327647.86332417,360714106.396357,102613541.46696717
2019-11-13,462554090.17294896,359517040.7269911,103037049.44595784
2019-11-12,461516219.4688399,359381479.9090338,102134739.55980611
2019-11-11,460443910.2195811,358777835.2288952,101666074.99068594
2019-11-10,458873339.0536639,358711071.37807465,100162267.67558926
2019-11-09,458685514.6838096,358087321.70038074,100598192.98342884
2019-11-08,458309916.00030416,358014810.8317395,100295105.16856468
2019-11-07,456044076.32535887,357010965.6715238,99033110.65383506
2019-11-06,455725397.93768156,355727494.4663069,99997903.47137463
2019-11-05,451113526.0164869,355297053.4377788,95816472.57870811
2019-11-04,447686555.7340026,354260152.3780571,93426403.35594547
2019-11-03,443497530.7046739,353808496.4137522,89689034.29092169
2019-11-02,442686508.6844778,353415564.1915956,89270944.49288219
2019-11-01,442100780.8921946,353196902.9458249,88903877.94636971
2019-10-31,440730310.81152785,353145778.30136234,87584532.51016551
2019-10-30,440149458.52859735,351401999.24762255,88747459.2809748
2019-10-29,439422661.9364499,349787380.87047017,89635281.06597972
2019-10-28,437028776.50581396,349659298.63980675,87369477.86600721
2019-10-27,435503346.379405,349044316.6147024,86459029.76470262
2019-10-26,434849877.490419,347847800.4782029,87002077.01221609
2019-10-25,433515102.46342474,347374748.5697048,86140353.89371997
2019-10-24,432633696.1701208,347033336.55812556,85600359.61199522
2019-10-23,432216065.25314075,346673469.8320118,85542595.42112893
2019-10-22,430127931.8590016,345686823.13500893,84441108.72399265
2019-10-21,429779061.734642,345441539.31145644,84337522.42318559
2019-10-20,429498575.24538124,345157210.0583873,84341365.18699396
2019-10-19,429265704.87819326,344993205.18194246,84272499.6962508
2019-10-18,429155979.83828413,344871159.7491872,84284820.08909696
2019-10-17,428930165.9122393,344635564.40269846,84294601.50954086
2019-10-16,428731564.20925975,344545219.22044647,84186344.98881328
2019-10-15,428510965.27631783,344174659.9660237,84336305.31029415
2019-10-14,427904927.5698064,343367916.86579084,84537010.70401555
2019-10-13,427270218.9407275,342524014.7504606,84746204.19026685
2019-10-12,427085015.2731391,342476684.0292661,84608331.243873
2019-10-11,426975458.9216172,342347611.21257544,84627847.70904177
2019-10-10,426725712.0831141,341281465.08129984,85444247.00181425
2019-10-09,425488845.52995354,341037935.32588476,84450910.20406878
2019-10-08,422698193.5157189,340697743.6810774,82000449.83464146
2019-10-07,422275265.4865842,340545117.60959005,81730147.87699413
2019-10-06,421620893.78365207,340350841.1499316,81270052.63372046
2019-10-05,421349146.13812816,340176873.71134275,81172272.42678541
2019-10-04,421133720.85182565,339727312.2769402,81406408.57488543
2019-10-03,420367711.78865045,339537760.7395204,80829951.04913008
2019-10-02,420104004.7920912,339314819.5832618,80789185.2088294
2019-10-01,419670860.63025033,339253631.2983457,80417229.33190465
2019-09-30,419107063.23170185,339020443.15616566,80086620.07553619
2019-09-29,418422188.0320008,338828378.1928748,79593809.83912599
2019-09-28,418286410.65289617,338658436.53597283,79627974.11692333
2019-09-27,418061215.0913028,338513205.3385375,79548009.7527653
2019-09-26,417452454.4139857,337876459.2583127,79575995.15567303
2019-09-25,416644537.42947835,336290979.52694297,80353557.90253538
2019-09-24,415995796.445952,335405235.86212647,80590560.58382553
2019-09-23,413349689.6625572,327293390.5376638,86056299.12489337
2019-09-22,413127085.00335777,326670101.40894574,86456983.59441203
2019-09-21,412978725.3942812,326621999.99917144,86356725.39510977
2019-09-20,412796861.4067739,326418646.39279705,86378215.01397687
2019-09-19,412218512.17462873,326324508.53038543,85894003.6442433
2019-09-18,411686111.5572712,325989182.0051008,85696929.5521704
2019-09-17,411121383.77783114,325793367.81366754,85328015.9641636
2019-09-16,409252954.3414315,325254534.5824072,83998419.75902432
2019-09-15,408236594.9134851,324727508.5700381,83509086.34344703
2019-09-14,403881008.3170408,324634790.2306833,79246218.08635747
2019-09-13,403604263.0117949,324549885.96710324,79054377.04469168
2019-09-12,403346635.20800495,324325670.0487238,79020965.15928113
2019-09-11,403204205.9720964,324213261.69335437,78990944.27874202
2019-09-10,402874810.3805256,324078885.88454133,78795924.49598426
2019-09-09,402632412.1060068,323941715.01422566,78690697.09178114
2019-09-08,401656686.80888844,323751802.11229956,77904884.69658887
2019-09-07,401298589.32477325,323582329.2946547,77716260.03011853
2019-09-06,400741043.7117868,323383894.48250276,77357149.22928405
2019-09-05,400457097.5405336,323240596.54970276,77216500.99083084
2019-09-04,400150651.032586,322826117.6952969,77324533.3372891
2019-09-03,399898382.1311928,322699186.2651041,77199195.86608869
2019-09-02,399311496.81743574,322597346.89859134,76714149.9188444
2019-09-01,398948798.44139415,322349832.56365544,76598965.87773871
2019-08-31,398729716.5928191,321833642.2159106,76896074.37690848
2019-08-30,398621592.3637045,321662271.427541,76959320.93616349
2019-08-29,398365624.22112465,321149253.6901762,77216370.53094846
2019-08-28,397689320.2644524,320104625.8583071,77584694.40614527
2019-08-27,397322893.1124771,318402085.3446757,78920807.7678014
2019-08-26,396581785.2053784,318277699.6953158,78304085.51006263
2019-08-25,396357157.6088688,318129943.30216825,78227214.30670053
2019-08-24,396151370.4850074,317836314.5935743,78315055.89143312
2019-08-23,396132054.59646004,317774076.6228558,78357977.97360426
2019-08-22,395944037.4168235,317427672.9634194,78516364.45340413
2019-08-21,395853295.12231606,317345128.77116567,78508166.3511504
2019-08-20,395644949.08078843,317104950.250841,78539998.82994741
2019-08-19,395465426.9478605,317017569.9161802,78447857.03168029
2019-08-18,395174188.864024,316833823.8851578,78340364.97886616
2019-08-17,394897173.747875,316674033.99167454,78223139.75620043
2019-08-16,394756164.5649576,316304607.33509785,78451557.22985977
2019-08-15,394508256.3544527,316115863.07513857,78392393.27931416
2019-08-14,393108555.2371371,314554874.4398044,78553680.7973327
2019-08-13,391945715.8324535,313211056.684925,78734659.14752847
2019-08-12,391455341.26624554,312942228.4326672,78513112.83357835
2019-08-11,391313525.14054555,312877888.62765515,78435636.5128904
2019-08-10,391144033.36933225,312841197.0687148,78302836.30061746
2019-08-09,389785772.4814486,312551265.4748339,77234507.00661469
2019-08-08,389394770.6452668,312289705.27352154,77105065.37174523
2019-08-07,389008923.90228385,312032391.22967935,76976532.6726045
2019-08-06,387721707.9290036,311767564.8265249,75954143.10247868
2019-08-05,387407973.9358614,310378049.0973057,77029924.8385557
2019-08-04,387085814.2789968,309965269.7519377,77120544.52705914
2019-08-03,387017757.9208557,309921679.0865085,77096078.83434719
2019-08-02,386804082.5341155,309727157.0601954,77076925.4739201
2019-08-01,386429430.3828296,309303767.68678665,77125662.69604295
2019-07-31,386182982.5639209,308806788.28031695,77376194.28360397
2019-07-30,385564409.61125094,308308961.2544575,77255448.35679346
2019-07-29,384956412.37738335,307968666.9731006,76987745.40428275
2019-07-28,384279148.7751673,307408674.4118106,76870474.36335671
2019-07-27,383585625.8420211,307239732.25467354,76345893.58734757
2019-07-26,383090388.3966036,306929103.14657146,76161285.25003213
2019-07-25,381567131.75808585,303433731.5618513,78133400.19623452
2019-07-24,381099758.7379198,302173180.9267366,78926577.81118321
2019-07-23,379776938.24917793,300750556.5077579,79026381.74142003
2019-07-22,379079797.784593,298906133.37346953,80173664.41112345
2019-07-21,378453285.7585031,296144655.327133,82308630.43137008
2019-07-20,377818075.49544215,295620448.28013426,82197627.21530789
2019-07-19,377252371.2435928,294681374.1914367,82570997.05215609
2019-07-18,376940609.1517123,292434770.7818188,84505838.36989349
2019-07-17,376083435.73432946,290699948.46217895,85383487.27215052
2019-07-16,374906614.4708378,289315202.6003149,85591411.87052286
2019-07-15,372000698.2179074,286571906.8208092,85428791.39709824
2019-07-14,369806888.2208601,281536670.73758477,88270217.48327535
2019-07-13,367559775.94290566,276896699.9517178,90663075.99118787
2019-07-12,367075335.8243361,276158890.3073823,90916445.51695383
2019-07-11,366694484.50451386,274939479.48813933,91755005.01637453
2019-07-10,364758657.5761355,273387218.7316438,91371438.84449172
2019-07-09,363680432.20419824,272306830.065428,91373602.13877022
2019-07-08,361967560.74779344,271657832.9567395,90309727.79105395
2019-07-07,361304107.2639542,271158218.7780279,90145888.48592633
2019-07-06,360486283.62107676,270796141.70743984,89690141.91363692
2019-07-05,360202094.74753183,270004056.34364545,90198038.40388638
2019-07-04,359729417.09819245,269624783.9386143,90104633.15957814
2019-07-03,359397669.17885494,268818172.7810445,90579496.39781046
2019-07-02,358753857.61229664,268568030.06517875,90185827.54711789
2019-07-01,357724987.24140984,267523552.95082387,90201434.29058596
2019-06-30,356426799.4359674,266835612.4442673,89591186.99170008
2019-06-29,355212422.88095605,266120178.2628488,89092244.61810726
2019-06-28,354024717.0472046,265543450.8594457,88481266.18775892
2019-06-27,352322135.2025958,264433269.32526237,87888865.8773334
2019-06-26,348010294.9846312,261591038.6560101,86419256.32862109
2019-06-25,344811787.8226188,259681227.82256925,85130560.00004953
2019-06-24,343530526.38360345,257389497.03254604,86141029.35105741
2019-06-23,342346938.9740334,256816440.6436512,85530498.33038223
2019-06-22,341051925.94890505,255929216.93746337,85122709.01144168
2019-06-21,339038267.0750945,253461803.25649464,85576463.81859988
2019-06-20,338015352.3076988,252263423.43706834,85751928.87063044
2019-06-19,337444257.0499666,251880942.81112906,85563314.23883751
2019-06-18,336640827.5322663,251538948.3606512,85101879.17161512
2019-06-17,335936685.2921737,251312830.14012688,84623855.1520468
2019-06-16,335056474.3691876,250833722.3397276,84222752.02945998
2019-06-15,333770780.0341322,250216381.22886926,83554398.80526292
2019-06-14,333279962.8945539,249729659.4869549,83550303.407599
2019-06-13,332843441.67562366,249555275.8358941,83288165.83972955
2019-06-12,332023024.97651446,249402347.08789825,82620677.8886162
2019-06-11,331607486.67040575,249226694.232568,82380792.43783775
2019-06-10,331370098.93154633,248987706.63953277,82382392.29201356
2019-06-09,330654117.8602815,248162640.44443268,82491477.41584885
2019-06-08,330183212.0443978,247610076.47523743,82573135.56916034
2019-06-07,329911662.6443978,247285276.78818431,82626385.85621348
2019-06-06,329610863.83530176,247104136.62243918,82506727.21286258
2019-06-05,329232122.25859696,246880109.18732008,82352013.07127687
2019-06-04,328913580.9418445,246629373.85156435,82284207.09028018
2019-06-03,326472398.5481631,244740425.37624642,81731973.1719167
2019-06-02,325987102.59363085,244032190.16466025,81954912.4289706
2019-06-01,325537170.08525884,243713223.07992584,81823947.005333
2019-05-31,324986461.8014273,243175024.82265723,81811436.97877008
2019-05-30,323586166.36310154,242656709.88342974,80929456.4796718
2019-05-29,321397360.23933095,240849830.8861426,80547529.35318834
2019-05-28,320850198.5317621,240516357.74787265,80333840.78388947
2019-05-27,320222291.3156848,239524147.92509255,80698143.39059225
2019-05-26,319418359.94008905,238740002.46882078,80678357.47126827
2019-05-25,318756047.4016323,237408031.59499168,81348015.80664062
2019-05-24,318552304.16927457,236172095.42104733,82380208.74822724
2019-05-23,316469868.30301493,235280847.05004957,81189021.25296536
2019-05-22,315747889.4801228,234757109.81619647,80990779.66392633
2019-05-21,315246380.3116064,234365821.8307721,80880558.4808343
2019-05-20,314167620.30054295,233231784.05732936,80935836.2432136
2019-05-19,313337404.00638455,231914179.44516888,81423224.56121567
2019-05-18,312237545.59467,231195913.04796863,81041632.54670137
2019-05-17,311894471.40671223,230757995.60674277,81136475.79996946
2019-05-16,310190660.575481,229805551.89052477,80385108.68495622
2019-05-15,307555819.7793312,223515563.270596,84040256.50873521
2019-05-14,305514804.78027433,220061967.79886773,85452836.9814066
2019-05-13,304291114.47044784,219354813.48854923,84936300.9818986
2019-05-12,302463848.31063026,218077085.27015162,84386763.04047865
2019-05-11,300474147.7798453,217446084.2645252,83028063.51532009
2019-05-10,298194738.0878946,215850178.5943374,82344559.49355721
2019-05-09,298002861.8318029,215461753.45061666,82541108.38118625
2019-05-08,297568919.5535061,215334844.939265,82234074.61424106
2019-05-07,296975399.7027789,214871600.22343537,82103799.4793435
2019-05-06,296659117.64185536,214361504.1721512,82297613.46970415
2019-05-05,296498842.97957677,213546453.73718977,82952389.242387
2019-05-04,296416972.82671356,213308297.03091106,83108675.7958025
2019-05-03,296230219.68757474,212937072.60309905,83293147.0844757
2019-05-02,296020843.9962981,212341683.1078696,83679160.88842848
2019-05-01,295915947.4995768,212063411.51638466,83852535.98319215
2019-04-30,295713241.3158225,211623725.0890131,84089516.22680938
2019-04-29,295412341.1578611,211190256.7472008,84222084.41066033
2019-04-28,295240220.98106277,210546952.22002557,84693268.7610372
2019-04-27,295117803.6758128,210332433.7597608,84785369.91605198
2019-04-26,294864264.4833646,209473291.389005,85390973.09435958
2019-04-25,294200271.8270767,208063628.5542073,86136643.27286938
2019-04-24,293915577.29956096,206230571.82907552,87685005.47048545
2019-04-23,293745764.4471542,205888111.11023593,87857653.3369183
2019-04-22,293245782.9251643,205500763.03142163,87745019.89374265
2019-04-21,292973330.1092166,205107254.7913569,87866075.31785968
2019-04-20,292820302.1092166,204940410.89586928,87879891.21334729
2019-04-19,292710868.1589913,204086277.1369251,88624591.02206618
2019-04-18,292412596.16099125,202747676.73431575,89664919.4266755
2019-04-17,292066972.36176133,201462095.09972867,90604877.26203266
2019-04-16,291203594.93106526,201305920.13613153,89897674.79493374
2019-04-15,291040207.40062684,200920806.64944583,90119400.751181
2019-04-14,290625126.93023,198438824.34941745,92186302.58081257
2019-04-13,289802419.41526735,196726695.36361378,93075724.05165356
2019-04-12,289426671.3245297,196284592.02459875,93142079.29993096
2019-04-11,288538094.4375965,195716353.30510518,92821741.13249132
2019-04-10,287996424.96766675,194359518.73694366,93636906.23072308
2019-04-09,286489303.16502124,192822992.83770406,93666310.32731718
2019-04-08,285578926.05889624,192596175.8349623,92982750.22393394
2019-04-07,283411627.2904555,191140562.00487098,92271065.28558454
2019-04-06,281484942.20208323,190709978.32819074,90774963.87389249
2019-04-05,280893448.4848347,190484116.54111743,90409331.94371724
2019-04-04,279230548.29201615,190214464.70335913,89016083.58865702
2019-04-03,277387764.1703609,189555723.9591987,87832040.21116221
2019-04-02,275057072.99483705,188692431.12347472,86364641.87136233
2019-04-01,273481021.43590814,184679162.1803916,88801859.25551653
2019-03-31,272733140.73037094,184291032.53847012,88442108.19190082
2019-03-30,272596625.5841688,184183020.57062587,88413605.01354292
2019-03-29,271927588.60523,183698725.64745057,88228862.95777941
2019-03-28,271716468.6114082,183041659.66342485,88674808.94798332
2019-03-27,270601402.112759,182853345.85214648,87748056.26061252
2019-03-26,270469144.8629163,182545659.14555994,87923485.71735635
2019-03-25,270342481.9289163,182335162.16210312,88007319.76681316
2019-03-24,270175284.3204971,179862668.6503611,90312615.670136
2019-03-23,270085844.38818496,179296865.29678968,90788979.09139529
2019-03-22,269807840.9927787,178776249.6694516,91031591.32332712
2019-03-21,269598735.177985,176676375.6414386,92922359.53654641
2019-03-20,269331155.1947475,175303172.99090874,94027982.20383877
2019-03-19,269148115.3238307,173700701.9528191,95447413.37101161
2019-03-18,268530135.98302346,173100770.46393016,95429365.5190933
2019-03-17,268306700.01218656,173003884.0877538,95302815.92443275
2019-03-16,266346963.84434178,172744079.8850481,93602883.9592937
2019-03-15,265703115.3735607,172313817.62855276,93389297.74500793
2019-03-14,264797237.86990598,172072781.39510036,92724456.47480562
2019-03-13,264490375.02788106,171629919.77148834,92860455.25639272
2019-03-12,264153012.25668287,171480261.27265766,92672750.98402521
2019-03-11,263804784.281132,171229412.3426388,92575371.93849322
2019-03-10,263023159.14222488,171073903.12219873,91949256.02002615
2019-03-09,262727971.32122487,170933033.89503017,91794937.4261947
2019-03-08,262434585.46752506,170342307.99202022,92092277.47550485
2019-03-07,261881385.18929026,169766258.33020008,92115126.85909018
2019-03-06,261627204.336822,169215711.48565233,92411492.85116968
2019-03-05,260446256.57503486,169107209.71207854,91339046.86295632
2019-03-04,259467185.12020534,168731324.59980866,90735860.52039668
2019-03-03,257484959.67363974,167930378.2753137,89554581.39832604
2019-03-02,257141458.31341985,167544200.99505064,89597257.31836921
2019-03-01,256826695.88143733,167379471.02492094,89447224.85651639
2019-02-28,256279209.0240987,167298520.2121,88980688.8119987
2019-02-27,255447166.35841796,167078529.20650503,88368637.15191293
2019-02-26,255152114.88438937,166815342.70906422,88336772.17532516
2019-02-25,254736807.5924772,166756194.8512996,87980612.74117759
2019-02-24,253909112.5787336,166034581.5118174,87874531.0669162
2019-02-23,249577341.55439702,164651694.7975453,84925646.7568517
2019-02-22,248588799.75976053,164488964.53735837,84099835.22240216
2019-02-21,245827707.1963428,164401589.45035908,81426117.74598372
2019-02-20,244518153.77528632,163034593.4741172,81483560.30116913
2019-02-19,243222106.06121278,162789405.29119346,80432700.77001932
2019-02-18,242208030.90779403,162670737.98317912,79537292.9246149
2019-02-17,241301097.33751753,162292802.45758694,79008294.87993059
2019-02-16,240690645.2084592,162235047.03610882,78455598.17235038
2019-02-15,240484075.55645216,162187396.9494776,78296678.60697454
2019-02-14,240304143.20071715,162134327.77783456,78169815.42288259
2019-02-13,239926770.78023517,161914497.01099172,78012273.76924345
2019-02-12,239519166.41571406,161895372.43810493,77623793.97760913
2019-02-11,239072761.26552117,161861503.38355082,77211257.88197035
2019-02-10,238695588.44710964,161214206.8046608,77481381.64244884
2019-02-09,238457291.94812366,161096640.3168247,77360651.63129896
2019-02-08,237466797.07502553,160981715.61554042,76485081.45948511
2019-02-07,237018500.7398144,160289349.39937437,76729151.34044003
2019-02-06,236805137.53954408,160006710.10989362,76798427.42965046
2019-02-05,236086735.74390468,159558411.21559498,76528324.5283097
2019-02-04,235972813.090992,159528138.3251923,76444674.7657997
2019-02-03,235500587.18863788,159486224.6287444,76014362.55989349
2019-02-02,235288531.27593273,159440617.92795274,75847913.34798
2019-02-01,234830714.4078776,159311677.28454548,75519037.12333211
2019-01-31,234667945.6415828,159214990.16455996,75452955.47702283
2019-01-30,234258510.61037973,158988276.27301073,75270234.337369
2019-01-29,233298184.64269873,158768832.5862382,74529352.05646053
2019-01-28,233130850.46033382,158569502.07211718,74561348.38821664
2019-01-27,232198963.75340024,157767530.85921413,74431432.89418611
2019-01-26,231898202.43981722,157543402.52638492,74354799.9134323
2019-01-25,231720564.70399472,157458014.14037505,74262550.56361967
2019-01-24,231099409.87299472,156786015.5814619,74313394.29153281
2019-01-23,230095438.52639472,156632717.26924562,73462721.2571491
2019-01-22,229660365.130402,156565121.7654361,73095243.36496589
2019-01-21,229379838.38062435,156458399.72656614,72921438.65405822
2019-01-20,228954110.0230862,156201314.28690693,72752795.73617926
2019-01-19,227955704.98708618,156047344.99366945,71908359.99341673
2019-01-18,227417681.2173703,155891735.68901473,71525945.52835557
2019-01-17,227186624.65052432,155815154.360366,71371470.29015833
2019-01-16,226351882.65499222,154656512.3471866,71695370.30780563
2019-01-15,225766255.19000554,154449723.28369653,71316531.90630901
2019-01-14,225368401.69233996,154136731.69258234,71231669.99975762
2019-01-13,223671063.57186788,153767361.47525233,69903702.09661555
2019-01-12,222389794.79108387,152166310.3202136,70223484.47087029
2019-01-11,222021779.73108387,152012484.64971069,70009295.08137318
2019-01-10,221743205.49415955,151599208.23140845,70143997.2627511
2019-01-09,220935883.3697195,150361719.26227713,70574164.10744238
2019-01-08,219796656.3297195,150016501.74868208,69780154.58103743
2019-01-07,219000169.20318142,148566124.47679487,70434044.72638655
2019-01-06,218515924.18956986,148246231.74072644,70269692.44884342
2019-01-05,217870047.58410737,147907887.4225174,69962160.16158998
2019-01-04,216097177.62303984,146681315.95470726,69415861.66833258
2019-01-03,215583095.8921899,145327412.48936814,70255683.40282175
2019-01-02,215172319.84119162,144729909.57860708,70442410.26258454
2019-01-01,213765114.5021664,144146665.06029958,69618449.44186682
2018-12-31,212738767.4636703,143168687.23636797,69570080.22730234
2018-12-30,211966134.09467232,142912122.64678913,69054011.44788319
2018-12-29,211390696.57968232,142464720.70700726,68925975.87267506
2018-12-28,209718506.67208734,142132167.81197113,67586338.86011621
2018-12-27,208776302.15074977,141812863.42005,66963438.73069978
2018-12-26,208195158.05845976,140788407.73951435,67406750.31894541
2018-12-25,207146046.6807613,140581898.61314636,66564148.06761494
2018-12-24,206518671.1475154,140126568.14110023,66392103.00641516
2018-12-23,203298819.17653695,139055477.7907298,64243341.38580716
2018-12-22,198914870.57267752,137597952.75946903,61316917.81320849
2018-12-21,191784611.16267753,132981535.13197196,58803076.03070557
2018-12-20,190576935.5956617,132807326.1161865,57769609.4794752
2018-12-19,189102467.00706154,132705556.07221632,56396910.934845224
2018-12-18,187491404.4558647,132460538.61555302,55030865.840311676
2018-12-17,186906171.7961658,132161118.64800374,54745053.14816205
2018-12-16,186164631.04118225,131902866.00092098,54261765.04026127
2018-12-15,185936844.71118224,131728405.51446679,54208439.196715444
2018-12-14,185591424.38018224,131674322.57701434,53917101.803167894
2018-12-13,185494247.97634497,131147436.5255953,54346811.450749665
2018-12-12,185324543.33948857,130218002.78071478,55106540.558773786
2018-12-11,185118640.73999345,130095767.35624221,55022873.38375124
2018-12-10,184987603.19774655,129861265.13289224,55126338.06485431
2018-12-09,184548272.02606034,129782422.820292,54765849.20576835
2018-12-08,183795902.42227748,129590368.75705272,54205533.66522476
2018-12-07,183692883.55860844,129375722.04059102,54317161.518017426
2018-12-06,183021709.04160845,124441687.1123782,58580021.92923026
2018-12-05,182171820.09160846,119224946.39452821,62946873.697080255
2018-12-04,181332497.69168645,118385803.55537176,62946694.13631469
2018-12-03,180937369.16902846,118319801.25710177,62617567.91192669
2018-12-02,179685212.61536178,117130042.48581058,62555170.1295512
2018-12-01,178770718.61036178,117090282.26875086,61680436.34161092
2018-11-30,178510566.1331059,117015646.69742298,61494919.43568292
2018-11-29,178315985.8556599,116991212.82511438,61324773.03054552
2018-11-28,177849035.6406599,116971366.83533044,60877668.80532946
2018-11-27,177073083.2323699,116842353.71998562,60230729.51238428
2018-11-26,175211675.9141778,116569494.75731291,58642181.1568649
2018-11-25,174615869.2200178,116354699.61542025,58261169.60459754
2018-11-24,173743419.59288147,108089944.55259459,65653475.04028688
2018-11-23,173323813.63929647,107071630.48935512,66252183.149941355
2018-11-22,173188735.83929646,105999768.69356018,67188967.14573628
2018-11-21,171676375.98729345,105833404.76273061,65842971.22456284
2018-11-20,170901694.50729346,105138520.48960873,65763174.01768473
2018-11-19,166267670.9612369,91714430.14121763,74553240.82001926
2018-11-18,165065341.75640267,88262568.75534117,76802773.0010615
2018-11-17,165019073.95640266,88155307.5588611,76863766.39754155
2018-11-16,164465253.92640266,87938391.82572651,76526862.10067615
2018-11-15,161358261.29946288,87753562.84317535,73604698.45628753
2018-11-14,158587428.34463856,86618348.36909048,71969079.97554807
2018-11-13,157674704.17430073,85797549.17302893,71877155.0012718
2018-11-12,156789801.78130072,85768394.08050345,71021407.70079727
2018-11-11,156561178.44130072,85688091.61400779,70873086.82729293
2018-11-10,156532585.19130072,85681892.74522439,70850692.44607633
2018-11-09,156250427.5413007,85681507.78671928,70568919.75458144
2018-11-08,156072960.7913007,85656176.93030599,70416783.86099473
2018-11-07,155392604.1413007,85630350.6596285,69762253.48167221
2018-11-06,154959772.50130072,85437015.68288152,69522756.8184192
2018-11-05,153866330.33664766,85373644.34475408,68492685.99189357
2018-11-04,153401551.02687594,85288856.36191624,68112694.6649597
2018-11-03,153041456.05587596,85090437.13044699,67951018.92542897
2018-11-02,152962654.65587595,85088740.09723113,67873914.55864482
2018-11-01,152769981.31587595,85086534.39955185,67683446.9163241
2018-10-31,152510344.45287594,85073001.5076632,67437342.94521274
2018-10-30,152297234.77287593,85068039.72229803,67229195.05057791
2018-10-29,152023491.29147893,84915700.55747229,67107790.73400664
2018-10-28,151394486.9870816,84838733.95016295,66555753.03691864
2018-10-27,151315637.3750816,84836129.85533302,66479507.51974858
2018-10-26,151218868.9750816,84832211.3202379,66386657.65484369
2018-10-25,150900978.9750816,84812218.36007506,66088760.615006536
2018-10-24,150562921.2392209,84798568.3029425,65764352.93627839
2018-10-23,150078110.88822088,84758395.35791391,65319715.530306965
2018-10-22,147810633.44822088,84722706.2430638,63087927.205157086
2018-10-21,147767973.1267048,84720063.2430638,63047909.88364102
2018-10-20,147753164.1267048,84718498.4059645,63034665.72074032
2018-10-19,147608838.5962643,84646198.49343628,62962640.102828026
2018-10-18,147572300.5962643,84634457.21544988,62937843.38081442
2018-10-17,147390992.0392643,84602387.9139274,62788604.125336885
2018-10-16,147136447.76926428,84468766.83301532,62667680.93624896
2018-10-15,146971424.32026428,84428064.68039621,62543359.639868066
2018-10-14,145201954.97056702,84304623.72899067,60897331.241576344
2018-10-13,145039979.47056693,84264249.05818819,60775730.41237874
2018-10-12,144880228.93314266,84229251.21771581,60650977.71542685
2018-10-11,144114615.23100516,84164423.74383794,59950191.487167224
2018-10-10,143532773.82100517,83591461.3394537,59941312.48155147
2018-10-09,143216030.02100515,83455138.91108017,59760891.10992499
2018-10-08,142945445.88100517,83410567.10108016,59534878.779925
2018-10-07,142263129.27760518,83406611.77770945,58856517.49989572
2018-10-06,141897579.47760516,83405647.77770945,58491931.69989571
2018-10-05,141566864.28760517,83375468.87623999,58191395.41136518
2018-10-04,140855874.35760516,83343250.20639996,57512624.1512052
2018-10-03,140232114.3576047,83315004.61358522,56917109.74401949
2018-10-02,139617777.17273372,83208109.44384815,56409667.728885576
2018-10-01,139301554.5627337,83192031.11882235,56109523.44391136
2018-09-30,139049102.5127337,83189433.90380372,55859668.60892998
2018-09-29,138812493.7627337,83127423.27676456,55685070.48596914
2018-09-28,138777372.0877337,83114343.27676456,55663028.81096913
2018-09-27,138728157.9877337,83095726.39676932,55632431.59096438
2018-09-26,138548501.89213368,83075850.67028414,55472651.221849546
2018-09-25,138336134.1921337,83054825.92154908,55281308.27058461
2018-09-24,137894301.2422147,82915305.6419382,54978995.600276515
2018-09-23,136983501.9122957,82855919.56987715,54127582.34241855
2018-09-22,136792324.8822957,82826521.37595265,53965803.50634305
2018-09-21,136188180.8822957,82782624.3840263,53405556.498269394
2018-09-20,135300466.1612957,82534530.06850903,52765936.092786685
2018-09-19,135190413.1516779,82515617.65951394,52674795.49216397
2018-09-18,135167560.3716779,82482018.84689888,52685541.52477902
2018-09-17,134553630.9696779,82435685.75544217,52117945.21423572
2018-09-16,133873071.02054788,81610711.66306832,52262359.35747956
2018-09-15,132004230.57054788,81587843.98391221,50416386.586635664
2018-09-14,131390132.77054788,81582877.49849436,49807255.272053525
2018-09-13,130609598.10974588,81504201.90770492,49105396.202040955
2018-09-12,128554684.39474587,81269059.71942672,47285624.67531915
2018-09-11,125491214.35151145,79022359.40582927,46468854.94568218
2018-09-10,124136613.13151145,78325298.04394653,45811315.087564915
2018-09-09,120572437.05140619,77806792.2228895,42765644.82851669
2018-09-08,119837726.87740044,76752558.46079534,43085168.4166051
2018-09-07,117518564.21740045,74657184.92949201,42861379.287908435
2018-09-06,115296268.70940045,74360800.41068932,40935468.29871112
2018-09-05,114555428.32240045,68701150.36834244,45854277.95405801
2018-09-04,113605353.67440045,64246404.50527337,49358949.16912708
2018-09-03,113231005.17440045,64178846.89277709,49052158.281623356
2018-09-02,113100179.98840044,64105103.82257784,48995076.1658226
2018-09-01,112976673.00940044,64071063.3174068,48905609.69199364
2018-08-31,112584113.63940044,63942031.78886254,48642081.850537896
2018-08-30,112566299.38455012,63899967.06871938,48666332.315830745
2018-08-29,112460374.34355013,63798068.36385946,48662305.97969067
2018-08-28,112386031.53155012,63758574.50090466,48627457.03064547
2018-08-27,112104667.34155013,63694779.10058187,48409888.24096826
2018-08-26,111920400.64155012,63683892.99404157,48236507.647508554
2018-08-25,111847730.35255012,63667817.99381086,48179912.35873926
2018-08-24,111752302.45255011,63637960.84229238,48114341.61025773
2018-08-23,111384370.98055011,63617110.06389266,47767260.91665745
2018-08-22,111037045.6405501,63569163.05068669,47467882.58986342
2018-08-21,110407050.9117901,63375623.234496675,47031427.67729343
2018-08-20,110120161.3017901,62848613.78331039,47271547.51847971
2018-08-19,109680453.0517901,62557799.91379732,47122653.137992784
2018-08-18,109457464.0517901,62507158.83006271,46950305.22172739
2018-08-17,109081084.6547901,62232421.38583596,46848663.26895414
2018-08-16,108613910.9847901,62068060.51095246,46545850.473837644
2018-08-15,108462385.93679011,61960780.305849165,46501605.630940944
2018-08-14,107536130.8097901,61493875.41491234,46042255.39487776
2018-08-13,106234595.15679011,55872524.73618094,50362070.42060917
2018-08-12,104534186.17461711,51450555.64524779,53083630.529369324
2018-08-11,103962443.14461711,51371222.11620116,52591221.02841595
2018-08-10,103131059.80212851,49284707.99495881,53846351.8071697
2018-08-09,101572561.14912851,45946037.290506735,55626523.858621776
2018-08-08,100861480.9691285,45867325.70283957,54994155.266288936
2018-08-07,97555720.8981091,42400592.704000644,55155128.19410845
2018-08-06,97244375.49910909,41474672.06707876,55769703.43203033
2018-08-05,96959200.82448019,41332200.11008208,55627000.71439811
2018-08-04,96882415.52511819,41267759.51640288,55614656.00871531
2018-08-03,96800296.17011818,41235749.08787717,55564547.08224101
2018-08-02,96498433.58011818,41145996.79181511,55352436.78830307
2018-08-01,96344776.15852077,41109945.05260029,55234831.105920486
2018-07-31,95993836.15952078,40698850.96174401,55294985.197776765
2018-07-30,95662845.87952077,40502447.560496,55160398.31902477
2018-07-29,95523801.14952077,40438637.28120254,55085163.86831823
2018-07-28,95470607.4594623,40436242.95158113,55034364.50788117
2018-07-27,95407466.36055167,40415391.50355092,54992074.85700075
2018-07-26,95292966.90055168,40372783.18825018,54920183.7123015
2018-07-25,95184538.56755167,40301684.7032876,54882853.86426407
2018-07-24,95075827.27555168,40258032.75131671,54817794.524234965
2018-07-23,94794879.77555168,40185798.13223491,54609081.64331677
2018-07-22,94629155.44255167,40173385.04080997,54455770.401741706
2018-07-21,94547875.34255168,40161159.741613805,54386715.60093787
2018-07-20,94379334.58055168,40112015.23352721,54267319.34702447
2018-07-19,94041136.80055168,39855686.46327433,54185450.33727735
2018-07-18,93714567.51055168,39801095.213151045,53913472.29740063
2018-07-17,93366422.77055168,39778578.40455872,53587844.36599296
2018-07-16,93172156.81655169,39715997.27809355,53456159.53845814
2018-07-15,92957236.88472757,39658328.97681217,53298907.9079154
2018-07-14,92865985.88472757,39650328.97681217,53215656.9079154
2018-07-13,92696884.88472757,39643276.54573568,53053608.33899189
2018-07-12,92597033.38472757,39638209.89212983,52958823.49259774
2018-07-11,92442542.61372757,39564505.530564524,52878037.083163045
2018-07-10,92147245.68457757,39456161.903896235,52691083.780681334
2018-07-09,91680020.93457757,39344036.74579925,52335984.18877832
2018-07-08,91419019.81457756,39315603.550494395,52103416.26408317
2018-07-07,90989230.36457756,39281439.160494395,51707791.20408317
2018-07-06,90797829.61457756,39280449.9972222,51517379.61735536
2018-07-05,90750640.61457756,39209458.18871015,51541182.42586741
2018-07-04,90624478.21457756,39208929.25350567,51415548.961071886
2018-07-03,90240813.83457756,39205587.31490375,51035226.51967381
2018-07-02,89960052.85657756,39101646.24878321,50858406.60779435
2018-07-01,89443208.79657756,39088834.420596674,50354374.375980884
2018-06-30,89246269.68057756,39077716.420596674,50168553.25998089
2018-06-29,89070044.22407757,39070119.333194874,49999924.89088269
2018-06-28,83194683.3760671,37860062.39661318,45334620.97945392
2018-06-27,81461722.5610671,37646692.084239565,43815030.47682754
2018-06-26,81291861.73333359,37540638.261615954,43751223.47171763
2018-06-25,81193898.25333358,37371252.709090464,43822645.54424312
2018-06-24,81131362.08868659,37334184.65678419,43797177.43190239
2018-06-23,79843134.78868659,36836485.40640565,43006649.38228094
2018-06-22,79770815.11868659,36594597.57232316,43176217.54636343
2018-06-21,79591559.31113024,36477489.31629716,43114069.99483308
2018-06-20,79406204.50113024,36444014.45502033,42962190.04610991
2018-06-19,79108889.51531547,36274360.690072306,42834528.82524317
2018-06-18,78815116.40002377,36219594.496102564,42595521.90392121
2018-06-17,78724480.74002378,36175745.374663055,42548735.36536072
2018-06-16,78709524.94002378,36119495.420579284,42590029.519444495
2018-06-15,78568025.52002378,36015363.32701151,42552662.19301227
2018-06-14,78363122.37002377,36014747.63701151,42348374.73301226
2018-06-13,77996665.06302378,36002915.14305687,41993749.91996691
2018-06-12,77594507.17951234,35214203.06366499,42380304.11584735
2018-06-11,77203272.40882142,34919821.27252657,42283451.13629485
2018-06-10,76886159.67524421,34766498.398928404,42119661.27631581
2018-06-09,76641146.09524421,34330691.22664197,42310454.868602246
2018-06-08,76528058.71524422,34240012.464137025,42288046.25110719
2018-06-07,76355010.61124422,34126738.52973877,42228272.08150545
2018-06-06,76181203.60124421,34126450.78639074,42054752.814853474
2018-06-05,75554421.6572442,33939863.0967872,41614558.560457006
2018-06-04,75393897.3272442,33896559.483302966,41497337.84394124
2018-06-03,75207330.2972442,33856325.6730077,41351004.62423651
2018-06-02,75029287.3902442,33796932.173737705,41232355.216506496
2018-06-01,74706717.3902442,33749264.840156704,40957452.5500875
2018-05-31,74683318.66385391,33658041.97251775,41025276.69133616
2018-05-30,74020993.66385391,33615369.706679896,40405623.95717402
2018-05-29,73936232.34485391,33600908.820448354,40335323.524405554
2018-05-28,71363169.24585392,33500278.84078207,37862890.40507185
2018-05-27,70472188.67585392,33150624.224282425,37321564.451571494
2018-05-26,70194635.85485393,33122091.655387096,37072544.19946683
2018-05-25,69956220.85485393,33064372.940387096,36891847.91446683
2018-05-24,69444513.78485394,32995989.72207252,36448524.062781416
2018-05-23,69032938.16485393,32813399.610522706,36219538.55433123
2018-05-22,68249448.72453393,30306575.21262138,37942873.511912555
2018-05-21,67943700.28062122,30231819.792986795,37711880.48763442
2018-05-20,67829985.74062121,30223812.194324616,37606173.5462966
2018-05-19,67756601.6496212,30190421.43622129,37566180.21339992
2018-05-18,67415424.01962121,30177008.99750328,37238415.02211793
2018-05-17,67116179.10864152,30049405.15368427,37066773.95495725
2018-05-16,65944079.228641525,29965540.904771466,35978538.32387006
2018-05-15,65690771.24864153,29799204.420003757,35891566.82863777
2018-05-14,65404564.95164153,29761604.188120537,35642960.76352099
2018-05-13,65270044.55064153,29559788.796927106,35710255.75371443
2018-05-12,64971244.68064153,29514341.4364539,35456903.24418763
2018-05-11,64341638.79064153,29398871.854069944,34942766.93657158
2018-05-10,63774121.723868504,29280078.87879624,34494042.84507227
2018-05-09,63126492.679206796,29259653.21451398,33866839.464692816
2018-05-08,62438419.182206795,29199719.14069343,33238700.041513365
2018-05-07,61920413.7722068,29186794.22008248,32733619.552124318
2018-05-06,61199548.421206795,28921251.071596146,32278297.34961065
2018-05-05,60812991.7832068,28888116.87609348,31924874.907113317
2018-05-04,60379723.4742068,28640130.050396215,31739593.423810583
2018-05-03,59644050.2942068,28486419.955973733,31157630.338233065
2018-05-02,58742356.5892068,28188171.765394304,30554184.823812496
2018-05-01,58548081.0592068,28164690.423894305,30383390.635312494
2018-04-30,58164366.3792068,27986913.966624282,30177452.412582517
2018-04-29,57767305.2192068,27463983.84047945,30303321.378727354
2018-04-28,57579058.5782068,27447779.089252602,30131279.488954198
2018-04-27,57056939.6782068,27119846.15729365,29937093.52091315
2018-04-26,55787349.1292068,26761075.003848027,29026274.12535877
2018-04-25,55419233.435806796,26510584.30980118,28908649.126005616
2018-04-24,53784682.95249777,26273438.34832636,27511244.604171414
2018-04-23,53092457.84149777,25934865.769768465,27157592.071729306
2018-04-22,52519478.931497775,25280164.552680034,27239314.37881774
2018-04-21,52051586.28249778,25134442.596817423,26917143.685680356
2018-04-20,51654369.78249778,25081053.096817423,26573316.685680356
2018-04-19,50864646.80249778,24898602.01974757,25966044.78275021
2018-04-18,50441451.54149778,24749740.011175524,25691711.530322257
2018-04-17,49917207.38816358,24700866.589311514,25216340.798852067
2018-04-16,49718400.23016358,24693294.206770197,25025106.023393385
2018-04-15,49411116.392913714,24650554.287870202,24760562.10504351
2018-04-14,48996611.57038019,24591642.05049841,24404969.519881777
2018-04-13,48805480.68038019,24573760.584577184,24231720.095803004
2018-04-12,47772837.32938019,24441886.300041948,23330951.029338244
2018-04-11,45840502.27638019,24101522.785545163,21738979.490835026
2018-04-10,44915033.99571635,23835203.280115742,21079830.715600606
2018-04-09,44430328.398716345,23786212.816289637,20644115.58242671
2018-04-08,43950577.44046537,23681283.592461918,20269293.84800345
2018-04-07,43692189.07982226,23607852.235834457,20084336.8439878
2018-04-06,43599965.35682226,23548123.42944762,20051841.92737464
2018-04-05,43476901.4040006,23427560.97169858,20049340.432302024
2018-04-04,43065180.9040006,23383224.021982525,19681956.882018078
2018-04-03,42847961.777839966,23176841.72294732,19671120.054892644
2018-04-02,42526841.44783997,22954730.486892153,19572110.960947815
2018-04-01,42320205.44783997,22942773.440857153,19377432.006982815
2018-03-31,41922666.990339965,22909078.268219,19013588.722120963
2018-03-30,41649892.87883996,22897486.667125843,18752406.21171412
2018-03-29,40999030.42427696,22006162.534142625,18992867.89013434
2018-03-28,40489046.39407312,21495332.002399478,18993714.391673643
2018-03-27,40004867.90957312,21312552.83901586,18692315.070557263
2018-03-26,39739784.85055282,21093577.435843218,18646207.4147096
2018-03-25,39499623.32260275,21017230.22818681,18482393.09441594
2018-03-24,39440294.34560275,21017207.22818681,18423087.117415942
2018-03-23,39383322.70360275,21001486.55321365,18381836.150389105
2018-03-22,39244490.83385275,20975683.84283839,18268806.99101436
2018-03-21,39067875.793852754,20915281.977140624,18152593.81671213
2018-03-20,38824134.24085275,20882059.892107844,17942074.348744906
2018-03-19,38578798.99585275,20826441.539484542,17752357.45636821
2018-03-18,37742740.23285275,20758374.64198353,16984365.590869218
2018-03-17,35667951.35885275,12988152.004674997,22679799.354177754
2018-03-16,35560311.21885275,12949687.237060482,22610623.98179227
2018-03-15,35048069.46785275,12928872.782881262,22119196.68497149
2018-03-14,34524928.199315876,12723178.177864742,21801750.021451134
2018-03-13,33923896.713315874,12266061.89359323,21657834.819722645
2018-03-12,33842856.33996901,12204201.602925047,21638654.737043962
2018-03-11,33609146.25996901,12172990.526562983,21436155.73340603
2018-03-10,33396081.67617901,12166153.571434945,21229928.104744066
2018-03-09,33288430.186774638,12156085.636088545,21132344.55068609
2018-03-08,32366340.186774638,12032258.9150589,20334081.271715738
2018-03-07,31962697.686774638,11647984.855778072,20314712.830996566
2018-03-06,31504091.686774638,10901361.359309154,20602730.327465482
2018-03-05,31132435.07072184,10555880.684800139,20576554.3859217
2018-03-04,30998370.07072184,9902175.73380014,21096194.3369217
2018-03-03,30789084.07072184,9894620.73380014,20894463.3369217
2018-03-02,30690638.87672184,9892264.720214888,20798374.156506952
2018-03-01,30260046.70272184,9792810.720531497,20467235.982190344
2018-02-28,29986818.60272184,9778607.042497832,20208211.560224008
2018-02-27,29655961.72272184,9762194.172197372,19893767.55052447
2018-02-26,29280190.568721842,9757264.94067505,19522925.628046792
2018-02-25,28745438.568721842,9700254.306172412,19045184.26254943
2018-02-24,28137892.568721842,9655418.09228781,18482474.47643403
2018-02-23,28086995.18072184,9654969.69360351,18432025.487118334
2018-02-22,27278514.13972184,9647183.989271691,17631330.150450148
2018-02-21,27181711.508055173,9201945.41483464,17979766.093220532
2018-02-20,26948086.33805517,9198498.767645707,17749587.57040946
2018-02-19,26849734.815055173,9164595.360443808,17685139.454611365
2018-02-18,26788472.126055174,9121168.127043733,17667303.999011442
2018-02-17,26559264.55939517,9099782.58180457,17459481.977590602
2018-02-16,26478163.01139517,9057396.278436571,17420766.7329586
2018-02-15,26298722.73539517,8910510.28618518,17388212.449209988
2018-02-14,24071383.46139517,8881227.88626868,15190155.57512649
2018-02-13,23525434.91139517,8800782.4840027,14724652.42739247
2018-02-12,23238633.00649517,8713262.891628085,14525370.114867086
2018-02-11,23038509.34165195,8706141.121616319,14332368.220035631
2018-02-10,22739685.36665195,8665679.875585163,14074005.491066786
2018-02-09,22351190.36665195,8481514.367062358,13869675.99958959
2018-02-08,19675775.766651947,8419637.50076214,11256138.265889807
2018-02-07,19575171.369651947,8413377.474340396,11161793.895311551
2018-02-06,18794431.77465195,8249733.086405151,10544698.688246798
2018-02-05,18191276.165276986,7404675.043221513,10786601.122055473
2018-02-04,17511390.831946984,6431558.036094813,11079832.795852171
2018-02-03,17120516.481946982,6359791.854294812,10760724.62765217
2018-02-02,16682766.701946983,6285606.781489544,10397159.92045744
2018-02-01,16267702.351946983,5762008.948696717,10505693.403250266
2018-01-31,16118742.351946983,5759108.948696717,10359633.403250266
2018-01-30,15865329.384946983,5738797.679696716,10126531.705250267
2018-01-29,15603952.139946982,5631257.404766046,9972694.735180937
2018-01-28,15046781.044209419,5601781.789305561,9444999.254903857
2018-01-27,14968533.154209418,5559171.789305561,9409361.364903856
2018-01-26,14933873.153209418,5534287.819214641,9399585.333994776
2018-01-25,14845795.29748051,5487137.75030556,9358657.54717495
2018-01-24,14804875.29748051,4951271.750003085,9853603.547477426
2018-01-23,14655996.76348051,4859703.950859728,9796292.812620781
2018-01-22,14509106.240470981,4829860.877901558,9679245.362569423
2018-01-21,14187901.240470981,4190203.4990424523,9997697.741428528
2018-01-20,13773339.740470981,4174827.026032923,9598512.714438058
2018-01-19,13603254.140470982,4164702.026032923,9438552.114438059
2018-01-18,13576125.074470982,4127284.0371329226,9448841.03733806
2018-01-17,12699975.074470982,3716634.0371329226,8983341.03733806
2018-01-16,12104058.455470981,3200240.9225842836,8903817.532886697
2018-01-15,11910758.766239947,2638477.1641191733,9272281.602120774
2018-01-14,11900003.718239946,2636252.1641191733,9263751.554120773
2018-01-13,11833943.718239946,2616415.7800309747,9217527.938208971
2018-01-12,11691272.538239947,2604758.1117019886,9086514.426537957
2018-01-11,10977978.538239947,2599790.1117019886,8378188.426537958
2018-01-10,10937143.538239947,2599771.5163614787,8337372.021878468
2018-01-09,10889263.538239947,2558955.4670556607,8330308.071184286
2018-01-08,10875463.538239947,2555051.4670556607,8320412.071184286
2018-01-07,10723800.538239947,2550708.4670556607,8173092.071184286
2018-01-06,10558332.238239946,2537966.028055661,8020366.210184285
2018-01-05,10190113.238239946,2533841.028055661,7656272.210184285
2018-01-04,10087464.248239946,2307841.028055661,7779623.220184285
2018-01-03,8950464.248239946,2267405.9310657782,6683058.317174167
2018-01-02,8426599.582239946,2259332.910065778,6167266.672174169
2018-01-01,8219799.487525661,2253841.4832098433,5965958.004315818
2017-12-31,8193352.987525661,2253819.1384398434,5939533.849085817
2017-12-30,7831651.987525661,2103289.1384398434,5728362.849085817
2017-12-29,7803422.351475661,2102299.1384398434,5701123.213035817
2017-12-28,7796441.351475661,2002237.1379398436,5794204.213535817
2017-12-27,7759709.12847566,1802205.9038398436,5957503.224635817
2017-12-26,7579563.274210221,1401505.9038398436,6178057.370370378
2017-12-25,7374113.274210221,1401505.9038398436,5972607.370370378
2017-12-24,7249796.819210221,1396825.3688398437,5852971.450370377
2017-12-23,6590916.784210221,1395481.1838398436,5195435.600370377
2017-12-22,5771462.967210221,1334928.0164989457,4436534.950711275
2017-12-21,5456911.776869323,587474.8888119233,4869436.8880574
2017-12-20,4651556.776869323,537692.1768197233,4113864.6000496
2017-12-19,1975173.776869323,35440.42681972333,1939733.3500495998
2017-12-18,595342.0268693233,45.94383999,595296.0830293334
